{"type": "FeatureCollection", "features": [{"type": "Feature", "geometry": {"type": "Point", "coordinates": [34.587515, 31.528774]}, "properties": {"_id": 1, "ID": 9, "תאריך הגשת הבקשה": "2025-09-01 00:00:00", "מס' סימוכין": 2081705, "חברה": "פלאפון", "סוג  היתר": "היתר הקמה", "מספר האתר": "712703", "ישוב": "שדרות", "כתובת + תאור": "ברלב 4", "סוג המוקד": "תורן קרקעי", "X_ITM": 160930, "Y_ITM": 604273, "תחום שיפוט": "שדרות"}}, {"type": "Feature", "geometry": {"type": "Point", "coordinates": [35.001705, 31.85007]}, "properties": {"_id": 2, "ID": 10, "תאריך הגשת הבקשה": "2025-09-01 00:00:00", "מס' סימוכין": 2081694, "חברה": "פלאפון", "סוג  היתר": "היתר הקמה", "מספר האתר": "220299", "ישוב": "מטה יהודה", "כתובת + תאור": "גשר 6 גשר 8", "סוג המוקד": "עוקצים", "X_ITM": 200334, "Y_ITM": 639752, "תחום שיפוט": "מטה בנימין"}}, {"type": "Feature", "geometry": {"type": "Point", "coordinates": [34.836462, 32.051516]}, "properties": {"_id": 3, "ID": 52, "תאריך הגשת הבקשה": "2025-12-01 00:00:00", "מס' סימוכין": 2083262, "חברה": "פלאפון", "סוג  היתר": "היתר הקמה", "מספר האתר": "550618", "ישוב": "רמת גן", "כתובת + תאור": "רח' שדרות הארזים 2", "סוג המוקד": "תורן על מבנה", "X_ITM": 184770, "Y_ITM": 662131, "תחום שיפוט": "רמת אפעל"}}, {"type": "Feature", "geometry": {"type": "Point", "coordinates": [34.711857, 31.78551]}, "properties": {"_id": 4, "ID": 53, "תאריך הגשת הבקשה": "2025-12-03 00:00:00", "מס' סימוכין": 2083345, "חברה": "פלאפון", "סוג  היתר": "היתר הקמה", "מספר האתר": "824221", "ישוב": "גן יבנה", "כתובת + תאור": "השיטה 2", "סוג המוקד": "תורן על מבנה", "X_ITM": 172868, "Y_ITM": 632681, "תחום שיפוט": "גן יבנה"}}, {"type": "Feature", "geometry": {"type": "Point", "coordinates": [35.082185, 32.851113]}, "properties": {"_id": 5, "ID": 11, "תאריך הגשת הבקשה": "2025-09-04 00:00:00", "מס' סימוכין": 2081766, "חברה": "PHI (משרת את הוט ופרטנר)", "סוג  היתר": "היתר הקמה", "מספר האתר": "NC4105G", "ישוב": "קרית ים", "כתובת + תאור": "אזור תעשיה קרית ים", "סוג המוקד": "קרקעי", "X_ITM": 208078, "Y_ITM": 750750, "תחום שיפוט": "קרית ים"}}, {"type": "Feature", "geometry": {"type": "Point", "coordinates": [35.214762, 31.77739]}, "properties": {"_id": 6, "ID": 12, "תאריך הגשת הבקשה": "2025-09-04 00:00:00", "מס' סימוכין": 2081772, "חברה": "סלקום", "סוג  היתר": "היתר הקמה", "מספר האתר": "7096", "ישוב": "ירושלים", "כתובת + תאור": "מתחם בית אביחי בפינת הרחובות מלך ג'ורג' 44 וקק\"ל ירושלים.", "סוג המוקד": "אתר זעיר פנימי", "X_ITM": 220500, "Y_ITM": 631675, "תחום שיפוט": "ירושלים"}}, {"type": "Feature", "geometry": {"type": "Point", "coordinates": [34.764031, 31.277119]}, "properties": {"_id": 7, "ID": 13, "תאריך הגשת הבקשה": "2025-09-04 00:00:00", "מס' סימוכין": 2081767, "חברה": "PHI (משרת את הוט ופרטנר)", "סוג  היתר": "היתר הקמה", "מספר האתר": "SO5093E", "ישוב": "באר שבע", "כתובת + תאור": "שכונת רקפות באר שבע שתפ סלקום", "סוג המוקד": "קרקעי", "X_ITM": 177583, "Y_ITM": 576289, "תחום שיפוט": "חסר מעמד"}}, {"type": "Feature", "geometry": {"type": "Point", "coordinates": [34.846568, 32.277983]}, "properties": {"_id": 8, "ID": 38, "תאריך הגשת הבקשה": "2025-11-04 00:00:00", "מס' סימוכין": 2082701, "חברה": "PHI (משרת את הוט ופרטנר)", "סוג  היתר": "היתר הקמה", "מספר האתר": "NS6413E", "ישוב": "נתניה", "כתובת + תאור": "עיר ימים רחוב זלמן שזר פינת בני ברמן", "סוג המוקד": "גג", "X_ITM": 185808, "Y_ITM": 687241, "תחום שיפוט": "נתניה"}}, {"type": "Feature", "geometry": {"type": "Point", "coordinates": [35.056319, 30.817372]}, "properties": {"_id": 9, "ID": 39, "תאריך הגשת הבקשה": "2025-11-04 00:00:00", "מס' סימוכין": 2082700, "חברה": "PHI (משרת את הוט ופרטנר)", "סוג  היתר": "היתר הקמה", "מספר האתר": "COW5555", "ישוב": "דימונה", "כתובת + תאור": "פסטיבל מטברן", "סוג המוקד": "קרקעי", "X_ITM": 205349, "Y_ITM": 525242, "תחום שיפוט": "הערבה התיכונה"}}, {"type": "Feature", "geometry": {"type": "Point", "coordinates": [35.183851, 32.803868]}, "properties": {"_id": 10, "ID": 40, "תאריך הגשת הבקשה": "2025-11-05 00:00:00", "מס' סימוכין": 2082737, "חברה": "פלאפון", "סוג  היתר": "היתר הקמה", "מספר האתר": "410895", "ישוב": "שפרעם", "כתובת + תאור": "דרום מזרח העיר", "סוג המוקד": "עוקצים", "X_ITM": 217594, "Y_ITM": 745504, "תחום שיפוט": "שפרעם"}}, {"type": "Feature", "geometry": {"type": "Point", "coordinates": [34.585391, 31.429206]}, "properties": {"_id": 11, "ID": 14, "תאריך הגשת הבקשה": "2025-09-07 00:00:00", "מס' סימוכין": 2081784, "חברה": "PHI (משרת את הוט ופרטנר)", "סוג  היתר": "היתר הקמה", "מספר האתר": "SO5643C", "ישוב": "נתיבות", "כתובת + תאור": "נתיבות מתחם קבר הבבא סאלי", "סוג המוקד": "קרקעי", "X_ITM": 160666, "Y_ITM": 593234, "תחום שיפוט": "נתיבות"}}, {"type": "Feature", "geometry": {"type": "Point", "coordinates": [34.840094, 32.027205]}, "properties": {"_id": 12, "ID": 15, "תאריך הגשת הבקשה": "2025-09-08 00:00:00", "מס' סימוכין": 2081807, "חברה": "פלאפון", "סוג  היתר": "היתר הקמה", "מספר האתר": "354266", "ישוב": "אור יהודה", "כתובת + תאור": "תורן סלקום - בסמוך לתורן פלאפון", "סוג המוקד": "תורן קרקעי", "X_ITM": 185104, "Y_ITM": 659434, "תחום שיפוט": "אור יהודה"}}, {"type": "Feature", "geometry": {"type": "Point", "coordinates": [34.83023, 32.125625]}, "properties": {"_id": 13, "ID": 16, "תאריך הגשת הבקשה": "2025-09-09 00:00:00", "מס' סימוכין": 2081840, "חברה": "PHI (משרת את הוט ופרטנר)", "סוג  היתר": "היתר הקמה", "מספר האתר": "WE3435C", "ישוב": "תל אביב-יפו", "כתובת + תאור": "תל אביב המשתלה", "סוג המוקד": "גג", "X_ITM": 184210, "Y_ITM": 670351, "תחום שיפוט": "תל אביב יפו"}}, {"type": "Feature", "geometry": {"type": "Point", "coordinates": [35.297173, 32.677253]}, "properties": {"_id": 14, "ID": 55, "תאריך הגשת הבקשה": "2025-12-09 00:00:00", "מס' סימוכין": 2083459, "חברה": "סלקום", "סוג  היתר": "היתר הקמה", "מספר האתר": "7876", "ישוב": "נצרת", "כתובת + תאור": "מנהרות איכסל בסמוך לנצרת.", "סוג המוקד": "אתר זעיר פנימי", "X_ITM": 228220, "Y_ITM": 731466, "תחום שיפוט": "נצרת"}}, {"type": "Feature", "geometry": {"type": "Point", "coordinates": [34.570386, 31.42089]}, "properties": {"_id": 15, "ID": 17, "תאריך הגשת הבקשה": "2025-09-10 00:00:00", "מס' סימוכין": 2081889, "חברה": "פלאפון", "סוג  היתר": "היתר הקמה", "מספר האתר": "712672", "ישוב": "נתיבות", "כתובת + תאור": "חניה פארק אגם", "סוג המוקד": "תורן קרקעי", "X_ITM": 159234, "Y_ITM": 592320, "תחום שיפוט": "נתיבות"}}, {"type": "Feature", "geometry": {"type": "Point", "coordinates": [35.182953, 32.807249]}, "properties": {"_id": 16, "ID": 18, "תאריך הגשת הבקשה": "2025-09-10 00:00:00", "מס' סימוכין": 2081883, "חברה": "פלאפון", "סוג  היתר": "היתר הקמה", "מספר האתר": "410890", "ישוב": "שפרעם", "כתובת + תאור": "שפעם", "סוג המוקד": "עוקצים", "X_ITM": 217510, "Y_ITM": 745879, "תחום שיפוט": "שפרעם"}}, {"type": "Feature", "geometry": {"type": "Point", "coordinates": [35.168524, 32.095792]}, "properties": {"_id": 17, "ID": 42, "תאריך הגשת הבקשה": "2025-11-10 00:00:00", "מס' סימוכין": 2082810, "חברה": "פלאפון", "סוג  היתר": "היתר הקמה", "מספר האתר": "120436", "ישוב": "אריאל", "כתובת + תאור": "דרומית לשדרות ירושלים", "סוג המוקד": "תורן קרקעי", "X_ITM": 216132, "Y_ITM": 666982, "תחום שיפוט": "אריאל"}}, {"type": "Feature", "geometry": {"type": "Point", "coordinates": [35.11025, 31.814304]}, "properties": {"_id": 18, "ID": 43, "תאריך הגשת הבקשה": "2025-11-10 00:00:00", "מס' סימוכין": 2082812, "חברה": "פלאפון", "סוג  היתר": "היתר הקמה", "מספר האתר": "216841", "ישוב": "אבו גוש", "כתובת + תאור": "דרומית לכביש 425", "סוג המוקד": "תורן קרקעי", "X_ITM": 210604, "Y_ITM": 635772, "תחום שיפוט": "מטה יהודה"}}, {"type": "Feature", "geometry": {"type": "Point", "coordinates": [35.088121, 32.992493]}, "properties": {"_id": 19, "ID": 44, "תאריך הגשת הבקשה": "2025-11-11 00:00:00", "מס' סימוכין": 2082849, "חברה": "סלקום", "סוג  היתר": "היתר הקמה", "מספר האתר": "24049", "ישוב": "נהריה", "כתובת + תאור": "רחוב איריס היכל הספורט נהריה", "סוג המוקד": "עוקץ", "X_ITM": 208651, "Y_ITM": 766429, "תחום שיפוט": "נהריה"}}, {"type": "Feature", "geometry": {"type": "Point", "coordinates": [34.778551, 32.072428]}, "properties": {"_id": 20, "ID": 56, "תאריך הגשת הבקשה": "2025-12-11 00:00:00", "מס' סימוכין": 2083519, "חברה": "PHI (משרת את הוט ופרטנר)", "סוג  היתר": "היתר הקמה", "מספר האתר": "WE3703E", "ישוב": "תל אביב-יפו", "כתובת + תאור": "הבימה", "סוג המוקד": "גג", "X_ITM": 179310, "Y_ITM": 664470, "תחום שיפוט": "תל אביב יפו"}}, {"type": "Feature", "geometry": {"type": "Point", "coordinates": [34.778551, 32.072428]}, "properties": {"_id": 21, "ID": 57, "תאריך הגשת הבקשה": "2025-12-11 00:00:00", "מס' סימוכין": 2083520, "חברה": "PHI (משרת את הוט ופרטנר)", "סוג  היתר": "היתר הקמה", "מספר האתר": "WE3704C", "ישוב": "תל אביב-יפו", "כתובת + תאור": "הבימה", "סוג המוקד": "גג", "X_ITM": 179310, "Y_ITM": 664470, "תחום שיפוט": "תל אביב יפו"}}, {"type": "Feature", "geometry": {"type": "Point", "coordinates": [35.394212, 32.896275]}, "properties": {"_id": 22, "ID": 45, "תאריך הגשת הבקשה": "2025-11-12 00:00:00", "מס' סימוכין": 2082888, "חברה": "פלאפון", "סוג  היתר": "היתר הקמה", "מספר האתר": "634052", "ישוב": "מעאר", "כתובת + תאור": "מעאר", "סוג המוקד": "עוקצים", "X_ITM": 237278, "Y_ITM": 755768, "תחום שיפוט": "מרום הגליל"}}, {"type": "Feature", "geometry": {"type": "Point", "coordinates": [35.26351, 32.915124]}, "properties": {"_id": 23, "ID": 46, "תאריך הגשת הבקשה": "2025-11-12 00:00:00", "מס' סימוכין": 2082889, "חברה": "פלאפון", "סוג  היתר": "היתר הקמה", "מספר האתר": "634147", "ישוב": "מגד אל כרום", "כתובת + תאור": "סמוך ליישוב מגדל כרום על כביש 85", "סוג המוקד": "תורן קרקעי", "X_ITM": 225048, "Y_ITM": 757844, "תחום שיפוט": "שגור"}}, {"type": "Feature", "geometry": {"type": "Point", "coordinates": [34.878928, 32.270469]}, "properties": {"_id": 24, "ID": 123, "תאריך הגשת הבקשה": "2026-03-01 00:00:00", "מס' סימוכין": 2084979, "חברה": "PHI (משרת את הוט ופרטנר)", "סוג  היתר": "היתר הקמה", "מספר האתר": "NS0812C", "ישוב": "אבן יהודה", "כתובת + תאור": "בית יוס המעין", "סוג המוקד": "גג", "X_ITM": 188854, "Y_ITM": 686398, "תחום שיפוט": "אבן יהודה"}}, {"type": "Feature", "geometry": {"type": "Point", "coordinates": [34.871922, 31.324144]}, "properties": {"_id": 25, "ID": 124, "תאריך הגשת הבקשה": "2026-03-01 00:00:00", "מס' סימוכין": 2084990, "חברה": "סלקום", "סוג  היתר": "היתר הקמה", "מספר האתר": "23901", "ישוב": "לקיה", "כתובת + תאור": "מרכז קהילתי אבן בטוטה  5 לקיה", "סוג המוקד": "תורן על הגג", "X_ITM": 187873, "Y_ITM": 581467, "תחום שיפוט": "לקיה"}}, {"type": "Feature", "geometry": {"type": "Point", "coordinates": [34.971166, 32.779838]}, "properties": {"_id": 26, "ID": 125, "תאריך הגשת הבקשה": "2026-03-01 00:00:00", "מס' סימוכין": 2084975, "חברה": "PHI (משרת את הוט ופרטנר)", "סוג  היתר": "היתר הקמה", "מספר האתר": "NC1721A", "ישוב": "חיפה", "כתובת + תאור": "שכונת פרס שתפ פלאפון", "סוג המוקד": "קרקעי", "X_ITM": 197668, "Y_ITM": 742863, "תחום שיפוט": "חיפה"}}, {"type": "Feature", "geometry": {"type": "Point", "coordinates": [35.092985, 32.978963]}, "properties": {"_id": 27, "ID": 126, "תאריך הגשת הבקשה": "2026-03-01 00:00:00", "מס' סימוכין": 2084977, "חברה": "PHI (משרת את הוט ופרטנר)", "סוג  היתר": "היתר הקמה", "מספר האתר": "NC4454H", "ישוב": "שבי ציון", "כתובת + תאור": "עמוד תאורה מעצ שבי ציון", "סוג המוקד": "קרקעי", "X_ITM": 209104, "Y_ITM": 764928, "תחום שיפוט": "שבי ציון"}}, {"type": "Feature", "geometry": {"type": "Point", "coordinates": [35.327926, 32.781555]}, "properties": {"_id": 28, "ID": 276, "תאריך הגשת הבקשה": "2026-07-01 00:00:00", "מס' סימוכין": 2087214, "חברה": "פלאפון", "סוג  היתר": "היתר הקמה", "מספר האתר": "654880", "ישוב": "גליל תחתון", "כתובת + תאור": "ישוב בית רימון", "סוג המוקד": "תורן קרקעי", "X_ITM": 231091, "Y_ITM": 743036, "תחום שיפוט": "בית רימון"}}, {"type": "Feature", "geometry": {"type": "Point", "coordinates": [35.208935, 31.79062]}, "properties": {"_id": 29, "ID": 277, "תאריך הגשת הבקשה": "2026-07-01 00:00:00", "מס' סימוכין": 2087203, "חברה": "פלאפון", "סוג  היתר": "היתר הקמה", "מספר האתר": "216133", "ישוב": "ירושלים", "כתובת + תאור": "מלכי ישראל 41", "סוג המוקד": "עוקצים", "X_ITM": 219948, "Y_ITM": 633142, "תחום שיפוט": "ירושלים"}}, {"type": "Feature", "geometry": {"type": "Point", "coordinates": [35.660338, 33.168131]}, "properties": {"_id": 30, "ID": 278, "תאריך הגשת הבקשה": "2026-07-01 00:00:00", "מס' סימוכין": 2087212, "חברה": "פלאפון", "סוג  היתר": "היתר הקמה", "מספר האתר": "614947", "ישוב": "גליל עליון", "כתובת + תאור": "אולם כדור סל  - קיבוץ שמיר", "סוג המוקד": "עוקצים", "X_ITM": 262047, "Y_ITM": 785995, "תחום שיפוט": "הגליל העליון"}}, {"type": "Feature", "geometry": {"type": "Point", "coordinates": [34.829408, 31.947878]}, "properties": {"_id": 31, "ID": 279, "תאריך הגשת הבקשה": "2026-07-01 00:00:00", "מס' סימוכין": 2087222, "חברה": "פלאפון", "סוג  היתר": "היתר הקמה", "מספר האתר": "815105", "ישוב": "ראשון לציון", "כתובת + תאור": "חיים חפר 10/12", "סוג המוקד": "פריסה פנימית", "X_ITM": 184064, "Y_ITM": 650641, "תחום שיפוט": "ראשון לציון"}}, {"type": "Feature", "geometry": {"type": "Point", "coordinates": [34.773028, 32.089327]}, "properties": {"_id": 32, "ID": 98, "תאריך הגשת הבקשה": "2026-02-02 00:00:00", "מס' סימוכין": 2084507, "חברה": "פלאפון", "סוג  היתר": "היתר הקמה", "מספר האתר": "333048", "ישוב": "תל אביב יפו", "כתובת + תאור": "בן יהודה 171", "סוג המוקד": "עוקצים", "X_ITM": 178796, "Y_ITM": 666346, "תחום שיפוט": "תל אביב יפו"}}, {"type": "Feature", "geometry": {"type": "Point", "coordinates": [34.9631, 32.047708]}, "properties": {"_id": 33, "ID": 127, "תאריך הגשת הבקשה": "2026-03-02 00:00:00", "מס' סימוכין": 2085000, "חברה": "פלאפון", "סוג  היתר": "היתר הקמה", "מספר האתר": "354082", "ישוב": "אלעד", "כתובת + תאור": "בן זכאי 75", "סוג המוקד": "עוקצים", "X_ITM": 196729, "Y_ITM": 661675, "תחום שיפוט": "אלעד"}}, {"type": "Feature", "geometry": {"type": "Point", "coordinates": [34.758949, 32.034972]}, "properties": {"_id": 34, "ID": 128, "תאריך הגשת הבקשה": "2026-03-02 00:00:00", "מס' סימוכין": 2085001, "חברה": "פלאפון", "סוג  היתר": "היתר הקמה", "מספר האתר": "361043", "ישוב": "חולון", "כתובת + תאור": "תחנת הרכבת וולפסון", "סוג המוקד": "עוקצים", "X_ITM": 177442, "Y_ITM": 660324, "תחום שיפוט": "תל אביב יפו"}}, {"type": "Feature", "geometry": {"type": "Point", "coordinates": [34.871922, 31.324144]}, "properties": {"_id": 35, "ID": 129, "תאריך הגשת הבקשה": "2026-03-02 00:00:00", "מס' סימוכין": 2085008, "חברה": "פלאפון", "סוג  היתר": "היתר הקמה", "מספר האתר": "711935", "ישוב": "לקיה", "כתובת + תאור": "5 אבן בטוטה", "סוג המוקד": "תורן על מבנה", "X_ITM": 187873, "Y_ITM": 581467, "תחום שיפוט": "לקיה"}}, {"type": "Feature", "geometry": {"type": "Point", "coordinates": [34.764031, 31.277119]}, "properties": {"_id": 36, "ID": 130, "תאריך הגשת הבקשה": "2026-03-02 00:00:00", "מס' סימוכין": 2085007, "חברה": "פלאפון", "סוג  היתר": "היתר הקמה", "מספר האתר": "711713", "ישוב": "באר שבע", "כתובת + תאור": "שכונת רקפות", "סוג המוקד": "תורן קרקעי", "X_ITM": 177583, "Y_ITM": 576289, "תחום שיפוט": "חסר מעמד"}}, {"type": "Feature", "geometry": {"type": "Point", "coordinates": [35.263174, 32.745083]}, "properties": {"_id": 37, "ID": 242, "תאריך הגשת הבקשה": "2026-06-02 00:00:00", "מס' סימוכין": 2086617, "חברה": "PHI (משרת את הוט ופרטנר)", "סוג  היתר": "היתר הקמה", "מספר האתר": "COW4444", "ישוב": "ציפורי", "כתובת + תאור": "ציפורי", "סוג המוקד": "קרקעי", "X_ITM": 225027, "Y_ITM": 738986, "תחום שיפוט": "עמק יזרעאל"}}, {"type": "Feature", "geometry": {"type": "Point", "coordinates": [34.741094, 31.975182]}, "properties": {"_id": 38, "ID": 243, "תאריך הגשת הבקשה": "2026-06-02 00:00:00", "מס' סימוכין": 2086608, "חברה": "פלאפון", "סוג  היתר": "היתר הקמה", "מספר האתר": "814254", "ישוב": "ראשון לציון", "כתובת + תאור": "לייב פארק", "סוג המוקד": "עוקצים", "X_ITM": 175727, "Y_ITM": 653701, "תחום שיפוט": "ראשון לציון"}}, {"type": "Feature", "geometry": {"type": "Point", "coordinates": [34.79562, 32.073224]}, "properties": {"_id": 39, "ID": 280, "תאריך הגשת הבקשה": "2026-07-02 00:00:00", "מס' סימוכין": 2087261, "חברה": "פלאפון", "סוג  היתר": "היתר הקמה", "מספר האתר": "333060", "ישוב": "תל אביב", "כתובת + תאור": "תוצרת  הארץ 5", "סוג המוקד": "פריסה פנימית", "X_ITM": 180922, "Y_ITM": 664552, "תחום שיפוט": "תל אביב יפו"}}, {"type": "Feature", "geometry": {"type": "Point", "coordinates": [35.004189, 32.253262]}, "properties": {"_id": 40, "ID": 281, "תאריך הגשת הבקשה": "2026-07-02 00:00:00", "מס' סימוכין": 2087267, "חברה": "פלאפון", "סוג  היתר": "היתר הקמה", "מספר האתר": "925192", "ישוב": "טיבה", "כתובת + תאור": "בילאל בן רבאח", "סוג המוקד": "תורן על הגג", "X_ITM": 200652, "Y_ITM": 684461, "תחום שיפוט": "טייבה"}}, {"type": "Feature", "geometry": {"type": "Point", "coordinates": [35.133708, 32.796122]}, "properties": {"_id": 41, "ID": 282, "תאריך הגשת הבקשה": "2026-07-02 00:00:00", "מס' סימוכין": 2087249, "חברה": "PHI (משרת את הוט ופרטנר)", "סוג  היתר": "היתר הקמה", "מספר האתר": "NC4170C", "ישוב": "רמת יוחנן", "כתובת + תאור": "לולים רמת יוחנן", "סוג המוקד": "קרקעי", "X_ITM": 212897, "Y_ITM": 744647, "תחום שיפוט": "זבולון"}}, {"type": "Feature", "geometry": {"type": "Point", "coordinates": [34.874176, 31.936937]}, "properties": {"_id": 42, "ID": 283, "תאריך הגשת הבקשה": "2026-07-02 00:00:00", "מס' סימוכין": 2087265, "חברה": "פלאפון", "סוג  היתר": "היתר הקמה", "מספר האתר": "812336", "ישוב": "רמלה", "כתובת + תאור": "רח' אבא אחימאיר 28", "סוג המוקד": "עוקצים", "X_ITM": 188293, "Y_ITM": 649414, "תחום שיפוט": "רמלה"}}, {"type": "Feature", "geometry": {"type": "Point", "coordinates": [35.110238, 32.860109]}, "properties": {"_id": 43, "ID": 284, "תאריך הגשת הבקשה": "2026-07-02 00:00:00", "מס' סימוכין": 2087250, "חברה": "PHI (משרת את הוט ופרטנר)", "סוג  היתר": "היתר הקמה", "מספר האתר": "NO4272A", "ישוב": "כפר מסריק", "כתובת + תאור": "שכונת נאות אפק קרית ביאליק", "סוג המוקד": "קרקעי", "X_ITM": 210705, "Y_ITM": 751745, "תחום שיפוט": "מטה אשר"}}, {"type": "Feature", "geometry": {"type": "Point", "coordinates": [34.877032, 32.049896]}, "properties": {"_id": 44, "ID": 285, "תאריך הגשת הבקשה": "2026-07-02 00:00:00", "מס' סימוכין": 2087264, "חברה": "פלאפון", "סוג  היתר": "היתר הקמה", "מספר האתר": "550658", "ישוב": "סביון", "כתובת + תאור": "רח' המועדון 10", "סוג המוקד": "תורן על הגג", "X_ITM": 188601, "Y_ITM": 661939, "תחום שיפוט": "סביון"}}, {"type": "Feature", "geometry": {"type": "Point", "coordinates": [34.890779, 32.030353]}, "properties": {"_id": 45, "ID": 286, "תאריך הגשת הבקשה": "2026-07-02 00:00:00", "מס' סימוכין": 2087252, "חברה": "PHI (משרת את הוט ופרטנר)", "סוג  היתר": "היתר הקמה", "מספר האתר": "WE3730C", "ישוב": "יהוד", "כתובת + תאור": "וייצמן", "סוג המוקד": "גג", "X_ITM": 189893, "Y_ITM": 659768, "תחום שיפוט": "יהוד מונוסון"}}, {"type": "Feature", "geometry": {"type": "Point", "coordinates": [34.923232, 32.083563]}, "properties": {"_id": 46, "ID": 332, "תאריך הגשת הבקשה": "2026-08-02 00:00:00", "מס' סימוכין": 2087852, "חברה": "PHI (משרת את הוט ופרטנר)", "סוג  היתר": "היתר הקמה", "מספר האתר": "WE3853C", "ישוב": "פתח-תקווה", "כתובת + תאור": "פתח-תקווה סירקין", "סוג המוקד": "קרקעי", "X_ITM": 192974, "Y_ITM": 665660, "תחום שיפוט": "פתח תקווה"}}, {"type": "Feature", "geometry": {"type": "Point", "coordinates": [35.200825, 32.337728]}, "properties": {"_id": 47, "ID": 333, "תאריך הגשת הבקשה": "2026-08-02 00:00:00", "מס' סימוכין": 2087848, "חברה": "PHI (משרת את הוט ופרטנר)", "סוג  היתר": "היתר הקמה", "מספר האתר": "EA2101B", "ישוב": "חומש", "כתובת + תאור": "שאנור", "סוג המוקד": "גג", "X_ITM": 219182, "Y_ITM": 693810, "תחום שיפוט": "שומרון"}}, {"type": "Feature", "geometry": {"type": "Point", "coordinates": [35.056908, 32.462787]}, "properties": {"_id": 48, "ID": 99, "תאריך הגשת הבקשה": "2026-02-03 00:00:00", "מס' סימוכין": 2084530, "חברה": "סלקום", "סוג  היתר": "היתר הקמה", "מספר האתר": "22830", "ישוב": "חריש", "כתובת + תאור": "צפונית לרחוב קדמה בחריש", "סוג המוקד": "תורן קרקעי", "X_ITM": 205652, "Y_ITM": 707688, "תחום שיפוט": "קציר חריש"}}, {"type": "Feature", "geometry": {"type": "Point", "coordinates": [34.94972, 29.550888]}, "properties": {"_id": 49, "ID": 193, "תאריך הגשת הבקשה": "2026-05-03 00:00:00", "מס' סימוכין": 2086013, "חברה": "PHI (משרת את הוט ופרטנר)", "סוג  היתר": "היתר הקמה", "מספר האתר": "SO5275B", "ישוב": "אילת", "כתובת + תאור": "מלון עדי", "סוג המוקד": "גג", "X_ITM": 194835, "Y_ITM": 384862, "תחום שיפוט": "אילת"}}, {"type": "Feature", "geometry": {"type": "Point", "coordinates": [35.45082, 31.800501]}, "properties": {"_id": 50, "ID": 244, "תאריך הגשת הבקשה": "2026-06-03 00:00:00", "מס' סימוכין": 2086636, "חברה": "פלאפון", "סוג  היתר": "היתר הקמה", "מספר האתר": "142665", "ישוב": "מגילות", "כתובת + תאור": "צומת אלמוג  בסמוך לתחנת דלק", "סוג המוקד": "תורן קרקעי", "X_ITM": 242854, "Y_ITM": 634264, "תחום שיפוט": "מגילות ים המלח"}}, {"type": "Feature", "geometry": {"type": "Point", "coordinates": [35.388883, 31.819706]}, "properties": {"_id": 51, "ID": 245, "תאריך הגשת הבקשה": "2026-06-03 00:00:00", "מס' סימוכין": 2086635, "חברה": "פלאפון", "סוג  היתר": "היתר הקמה", "מספר האתר": "142661", "ישוב": "מטה בנימין", "כתובת + תאור": "סמוך למתחם חן המדבר  מצפה יריחו", "סוג המוקד": "תורן קרקעי", "X_ITM": 236985, "Y_ITM": 636382, "תחום שיפוט": "מעלה אדומים"}}, {"type": "Feature", "geometry": {"type": "Point", "coordinates": [34.94468, 32.229644]}, "properties": {"_id": 52, "ID": 246, "תאריך הגשת הבקשה": "2026-06-03 00:00:00", "מס' סימוכין": 2086650, "חברה": "פלאפון", "סוג  היתר": "היתר הקמה", "מספר האתר": "935945", "ישוב": "טירה", "כתובת + תאור": "רח' טארק עבד אל חי 6", "סוג המוקד": "עוקצים", "X_ITM": 195038, "Y_ITM": 681854, "תחום שיפוט": "טירה"}}, {"type": "Feature", "geometry": {"type": "Point", "coordinates": [35.170047, 31.761856]}, "properties": {"_id": 53, "ID": 247, "תאריך הגשת הבקשה": "2026-06-03 00:00:00", "מס' סימוכין": 2086638, "חברה": "פלאפון", "סוג  היתר": "היתר הקמה", "מספר האתר": "216784", "ישוב": "ירושלים", "כתובת + תאור": "הנרייטה סולד 2", "סוג המוקד": "תורן על מבנה", "X_ITM": 216264, "Y_ITM": 629953, "תחום שיפוט": "ירושלים"}}, {"type": "Feature", "geometry": {"type": "Point", "coordinates": [34.828931, 31.932528]}, "properties": {"_id": 54, "ID": 70, "תאריך הגשת הבקשה": "2026-01-04 00:00:00", "מס' סימוכין": 2083924, "חברה": "פלאפון", "סוג  היתר": "היתר הקמה", "מספר האתר": "815087", "ישוב": "באר יעקוב", "כתובת + תאור": "חניון תחנת רכבת באר יעקוב", "סוג המוקד": "תורן קרקעי", "X_ITM": 184013, "Y_ITM": 648939, "תחום שיפוט": "באר יעקב"}}, {"type": "Feature", "geometry": {"type": "Point", "coordinates": [34.94972, 29.550888]}, "properties": {"_id": 55, "ID": 194, "תאריך הגשת הבקשה": "2026-05-04 00:00:00", "מס' סימוכין": 2086030, "חברה": "PHI (משרת את הוט ופרטנר)", "סוג  היתר": "היתר הקמה", "מספר האתר": "SO5275B", "ישוב": "אילת", "כתובת + תאור": "מלון עדי", "סוג המוקד": "גג", "X_ITM": 194835, "Y_ITM": 384862, "תחום שיפוט": "אילת"}}, {"type": "Feature", "geometry": {"type": "Point", "coordinates": [34.638477, 31.782319]}, "properties": {"_id": 56, "ID": 248, "תאריך הגשת הבקשה": "2026-06-04 00:00:00", "מס' סימוכין": 2086688, "חברה": "סלקום", "סוג  היתר": "היתר הקמה", "מספר האתר": "24208", "ישוב": "אשדוד", "כתובת + תאור": "רחוב ניסן 1אשדוד", "סוג המוקד": "עוקץ", "X_ITM": 165916, "Y_ITM": 632361, "תחום שיפוט": "אשדוד"}}, {"type": "Feature", "geometry": {"type": "Point", "coordinates": [35.222288, 31.606288]}, "properties": {"_id": 57, "ID": 249, "תאריך הגשת הבקשה": "2026-06-04 00:00:00", "מס' סימוכין": 2086678, "חברה": "PHI (משרת את הוט ופרטנר)", "סוג  היתר": "היתר הקמה", "מספר האתר": "EA2050E", "ישוב": "ירושלים", "כתובת + תאור": "איבי נחל", "סוג המוקד": "קרקעי", "X_ITM": 221216, "Y_ITM": 612703, "תחום שיפוט": "גוש עציון"}}, {"type": "Feature", "geometry": {"type": "Point", "coordinates": [34.892222, 32.172668]}, "properties": {"_id": 58, "ID": 250, "תאריך הגשת הבקשה": "2026-06-04 00:00:00", "מס' סימוכין": 2086682, "חברה": "PHI (משרת את הוט ופרטנר)", "סוג  היתר": "היתר הקמה", "מספר האתר": "WI0699C", "ישוב": "כפר סבא", "כתובת + תאור": "דרך השרון  כפר סבא", "סוג המוקד": "פנימי", "X_ITM": 190075, "Y_ITM": 675549, "תחום שיפוט": "כפר סבא"}}, {"type": "Feature", "geometry": {"type": "Point", "coordinates": [35.234737, 31.780227]}, "properties": {"_id": 59, "ID": 251, "תאריך הגשת הבקשה": "2026-06-04 00:00:00", "מס' סימוכין": 2086681, "חברה": "PHI (משרת את הוט ופרטנר)", "סוג  היתר": "היתר הקמה", "מספר האתר": "EA2273C", "ישוב": "ירושלים", "כתובת + תאור": "ירושלים באב חוטה", "סוג המוקד": "גג", "X_ITM": 222392, "Y_ITM": 631990, "תחום שיפוט": "ירושלים"}}, {"type": "Feature", "geometry": {"type": "Point", "coordinates": [34.570386, 31.42089]}, "properties": {"_id": 60, "ID": 334, "תאריך הגשת הבקשה": "2026-08-04 00:00:00", "מס' סימוכין": 2087928, "חברה": "PHI (משרת את הוט ופרטנר)", "סוג  היתר": "היתר הקמה", "מספר האתר": "SO5646B", "ישוב": "נתיבות", "כתובת + תאור": "פארק נתיבות", "סוג המוקד": "קרקעי", "X_ITM": 159234, "Y_ITM": 592320, "תחום שיפוט": "נתיבות"}}, {"type": "Feature", "geometry": {"type": "Point", "coordinates": [34.974098, 32.752242]}, "properties": {"_id": 61, "ID": 335, "תאריך הגשת הבקשה": "2026-08-04 00:00:00", "מס' סימוכין": 2087927, "חברה": "PHI (משרת את הוט ופרטנר)", "סוג  היתר": "היתר הקמה", "מספר האתר": "NC1749B", "ישוב": "טירת כרמל", "כתובת + תאור": "מרכז רפואי טירת הכרמל מבנה 7", "סוג המוקד": "גג", "X_ITM": 197936, "Y_ITM": 739802, "תחום שיפוט": "טירת כרמל"}}, {"type": "Feature", "geometry": {"type": "Point", "coordinates": [34.799201, 31.940715]}, "properties": {"_id": 62, "ID": 71, "תאריך הגשת הבקשה": "2026-01-05 00:00:00", "מס' סימוכין": 2083946, "חברה": "PHI (משרת את הוט ופרטנר)", "סוג  היתר": "היתר הקמה", "מספר האתר": "WE3009D", "ישוב": "נס ציונה", "כתובת + תאור": "עמוד תאורה טוסקנה", "סוג המוקד": "קרקעי", "X_ITM": 181205, "Y_ITM": 649857, "תחום שיפוט": "נס ציונה"}}, {"type": "Feature", "geometry": {"type": "Point", "coordinates": [34.825478, 32.17805]}, "properties": {"_id": 63, "ID": 72, "תאריך הגשת הבקשה": "2026-01-05 00:00:00", "מס' סימוכין": 2083944, "חברה": "PHI (משרת את הוט ופרטנר)", "סוג  היתר": "היתר הקמה", "מספר האתר": "WE0175B", "ישוב": "הרצליה", "כתובת + תאור": "נתיבי ישראל מחלף מעפילים", "סוג המוקד": "קרקעי", "X_ITM": 183782, "Y_ITM": 676166, "תחום שיפוט": "הרצליה"}}, {"type": "Feature", "geometry": {"type": "Point", "coordinates": [34.871922, 31.324144]}, "properties": {"_id": 64, "ID": 131, "תאריך הגשת הבקשה": "2026-03-05 00:00:00", "מס' סימוכין": 2085066, "חברה": "PHI (משרת את הוט ופרטנר)", "סוג  היתר": "היתר הקמה", "מספר האתר": "SO5955B", "ישוב": "לקיה", "כתובת + תאור": "מתנס לקיה", "סוג המוקד": "גג", "X_ITM": 187873, "Y_ITM": 581467, "תחום שיפוט": "לקיה"}}, {"type": "Feature", "geometry": {"type": "Point", "coordinates": [35.110927, 31.655533]}, "properties": {"_id": 65, "ID": 287, "תאריך הגשת הבקשה": "2026-07-05 00:00:00", "מס' סימוכין": 2087282, "חברה": "PHI (משרת את הוט ופרטנר)", "סוג  היתר": "היתר הקמה", "מספר האתר": "EA2049A", "ישוב": "ירושלים", "כתובת + תאור": "בת עין", "סוג המוקד": "קרקעי", "X_ITM": 210653, "Y_ITM": 618167, "תחום שיפוט": "גוש עציון"}}, {"type": "Feature", "geometry": {"type": "Point", "coordinates": [34.816126, 31.965117]}, "properties": {"_id": 66, "ID": 337, "תאריך הגשת הבקשה": "2026-08-05 00:00:00", "מס' סימוכין": 2087946, "חברה": "PHI (משרת את הוט ופרטנר)", "סוג  היתר": "היתר הקמה", "מספר האתר": "WE3297C", "ישוב": "ראשון לציון", "כתובת + תאור": "ראשון לציון גבעתי 14", "סוג המוקד": "גג", "X_ITM": 182815, "Y_ITM": 652557, "תחום שיפוט": "ראשון לציון"}}, {"type": "Feature", "geometry": {"type": "Point", "coordinates": [35.120424, 31.880497]}, "properties": {"_id": 67, "ID": 338, "תאריך הגשת הבקשה": "2026-08-05 00:00:00", "מס' סימוכין": 2087936, "חברה": "PHI (משרת את הוט ופרטנר)", "סוג  היתר": "היתר הקמה", "מספר האתר": "EA2118A", "ישוב": "בית חורון", "כתובת + תאור": "בית חורון מערב", "סוג המוקד": "קרקעי", "X_ITM": 211573, "Y_ITM": 643111, "תחום שיפוט": "מטה בנימין"}}, {"type": "Feature", "geometry": {"type": "Point", "coordinates": [35.336294, 32.562835]}, "properties": {"_id": 68, "ID": 339, "תאריך הגשת הבקשה": "2026-08-05 00:00:00", "מס' סימוכין": 2087940, "חברה": "PHI (משרת את הוט ופרטנר)", "סוג  היתר": "היתר הקמה", "מספר האתר": "NE4008B", "ישוב": "יזרעאל", "כתובת + תאור": "קיבוץ יזרעאל ליד ברכות הדגים", "סוג המוקד": "קרקעי", "X_ITM": 231905, "Y_ITM": 718781, "תחום שיפוט": "הגלבוע"}}, {"type": "Feature", "geometry": {"type": "Point", "coordinates": [35.448111, 32.507698]}, "properties": {"_id": 69, "ID": 340, "תאריך הגשת הבקשה": "2026-08-05 00:00:00", "מס' סימוכין": 2087941, "חברה": "PHI (משרת את הוט ופרטנר)", "סוג  היתר": "היתר הקמה", "מספר האתר": "NE4462B", "ישוב": "ניר דוד", "כתובת + תאור": "ניר דוד", "סוג המוקד": "קרקעי", "X_ITM": 242420, "Y_ITM": 712685, "תחום שיפוט": "בקעת בית שאן"}}, {"type": "Feature", "geometry": {"type": "Point", "coordinates": [34.918903, 32.502515]}, "properties": {"_id": 70, "ID": 341, "תאריך הגשת הבקשה": "2026-08-05 00:00:00", "מס' סימוכין": 2087965, "חברה": "פלאפון", "סוג  היתר": "היתר הקמה", "מספר האתר": "914160", "ישוב": "אור עקיבא", "כתובת + תאור": "ביג אור עקיבא   שדרות הנשיא  4 אור עקיבא", "סוג המוקד": "תורן על מבנה", "X_ITM": 192689, "Y_ITM": 712120, "תחום שיפוט": "אור עקיבא"}}, {"type": "Feature", "geometry": {"type": "Point", "coordinates": [35.413653, 32.695716]}, "properties": {"_id": 71, "ID": 342, "תאריך הגשת הבקשה": "2026-08-05 00:00:00", "מס' סימוכין": 2087942, "חברה": "PHI (משרת את הוט ופרטנר)", "סוג  היתר": "היתר הקמה", "מספר האתר": "NN4464E", "ישוב": "כפר תבור", "כתובת + תאור": "כפר תבור", "סוג המוקד": "קרקעי", "X_ITM": 239141, "Y_ITM": 733529, "תחום שיפוט": "כפר תבור"}}, {"type": "Feature", "geometry": {"type": "Point", "coordinates": [34.900581, 32.187289]}, "properties": {"_id": 72, "ID": 195, "תאריך הגשת הבקשה": "2026-05-06 00:00:00", "מס' סימוכין": 2085991, "חברה": "פלאפון", "סוג  היתר": "היתר הקמה", "מספר האתר": "930705", "ישוב": "כפר סבא", "כתובת + תאור": "מנחם בגין", "סוג המוקד": "תורן קרקעי", "X_ITM": 190868, "Y_ITM": 677168, "תחום שיפוט": "כפר סבא"}}, {"type": "Feature", "geometry": {"type": "Point", "coordinates": [34.638477, 31.782319]}, "properties": {"_id": 73, "ID": 196, "תאריך הגשת הבקשה": "2026-05-06 00:00:00", "מס' סימוכין": 2085990, "חברה": "פלאפון", "סוג  היתר": "היתר הקמה", "מספר האתר": "820751", "ישוב": "אשדוד", "כתובת + תאור": "ניסן 1", "סוג המוקד": "עוקצים", "X_ITM": 165916, "Y_ITM": 632361, "תחום שיפוט": "אשדוד"}}, {"type": "Feature", "geometry": {"type": "Point", "coordinates": [34.76684, 31.651444]}, "properties": {"_id": 74, "ID": 288, "תאריך הגשת הבקשה": "2026-07-06 00:00:00", "מס' סימוכין": 2087292, "חברה": "PHI (משרת את הוט ופרטנר)", "סוג  היתר": "היתר הקמה", "מספר האתר": "SO5679A", "ישוב": "קרית גת", "כתובת + תאור": "כרמי גת צפון מושב מנוחה", "סוג המוקד": "קרקעי", "X_ITM": 178016, "Y_ITM": 617793, "תחום שיפוט": "לכיש"}}, {"type": "Feature", "geometry": {"type": "Point", "coordinates": [35.111861, 33.025721]}, "properties": {"_id": 75, "ID": 289, "תאריך הגשת הבקשה": "2026-07-06 00:00:00", "מס' סימוכין": 2087289, "חברה": "PHI (משרת את הוט ופרטנר)", "סוג  היתר": "היתר הקמה", "מספר האתר": "NC0603F", "ישוב": "סער", "כתובת + תאור": "קבוץ סער שתפ פלאפון", "סוג המוקד": "קרקעי", "X_ITM": 210873, "Y_ITM": 770112, "תחום שיפוט": "נהריה"}}, {"type": "Feature", "geometry": {"type": "Point", "coordinates": [34.787641, 32.095192]}, "properties": {"_id": 76, "ID": 290, "תאריך הגשת הבקשה": "2026-07-06 00:00:00", "מס' סימוכין": 2087308, "חברה": "סלקום", "סוג  היתר": "היתר הקמה", "מספר האתר": "23995", "ישוב": "תל אביב", "כתובת + תאור": "ברח' בני דן 36 תל אביב", "סוג המוקד": "עוקץ", "X_ITM": 180178, "Y_ITM": 666991, "תחום שיפוט": "תל אביב יפו"}}, {"type": "Feature", "geometry": {"type": "Point", "coordinates": [34.859254, 32.007563]}, "properties": {"_id": 77, "ID": 291, "תאריך הגשת הבקשה": "2026-07-06 00:00:00", "מס' סימוכין": 2087294, "חברה": "PHI (משרת את הוט ופרטנר)", "סוג  היתר": "היתר הקמה", "מספר האתר": "WE6252C", "ישוב": "צפריה", "כתובת + תאור": "צפריה", "סוג המוקד": "קרקעי", "X_ITM": 186907, "Y_ITM": 657250, "תחום שיפוט": "עמק לוד"}}, {"type": "Feature", "geometry": {"type": "Point", "coordinates": [35.138358, 31.405188]}, "properties": {"_id": 78, "ID": 343, "תאריך הגשת הבקשה": "2026-08-06 00:00:00", "מס' סימוכין": 2087972, "חברה": "PHI (משרת את הוט ופרטנר)", "סוג  היתר": "היתר הקמה", "מספר האתר": "EA2299E", "ישוב": "ירושלים", "כתובת + תאור": "מצפה אביגיל", "סוג המוקד": "קרקעי", "X_ITM": 213238, "Y_ITM": 590407, "תחום שיפוט": "הר חברון"}}, {"type": "Feature", "geometry": {"type": "Point", "coordinates": [35.162435, 32.204862]}, "properties": {"_id": 79, "ID": 73, "תאריך הגשת הבקשה": "2026-01-07 00:00:00", "מס' סימוכין": 2084027, "חברה": "פלאפון", "סוג  היתר": "היתר הקמה", "מספר האתר": "120468", "ישוב": "קדומים", "כתובת + תאור": "דרום מזרח לקדומים", "סוג המוקד": "תורן קרקעי", "X_ITM": 215562, "Y_ITM": 679077, "תחום שיפוט": "שטח ללא שיפוט"}}, {"type": "Feature", "geometry": {"type": "Point", "coordinates": [34.991223, 32.833047]}, "properties": {"_id": 80, "ID": 74, "תאריך הגשת הבקשה": "2026-01-07 00:00:00", "מס' סימוכין": 2084029, "חברה": "פלאפון", "סוג  היתר": "היתר הקמה", "מספר האתר": "420580", "ישוב": "חיפה", "כתובת + תאור": "גולומב 47", "סוג המוקד": "תורן על מבנה", "X_ITM": 199559, "Y_ITM": 748760, "תחום שיפוט": "שטח ללא שיפוט"}}, {"type": "Feature", "geometry": {"type": "Point", "coordinates": [34.809858, 31.91438]}, "properties": {"_id": 81, "ID": 75, "תאריך הגשת הבקשה": "2026-01-07 00:00:00", "מס' סימוכין": 2084032, "חברה": "פלאפון", "סוג  היתר": "היתר הקמה", "מספר האתר": "815091", "ישוב": "רחובות", "כתובת + תאור": "המדע 19-21", "סוג המוקד": "פריסה פנימית", "X_ITM": 182202, "Y_ITM": 646933, "תחום שיפוט": "רחובות"}}, {"type": "Feature", "geometry": {"type": "Point", "coordinates": [34.91407, 32.416991]}, "properties": {"_id": 82, "ID": 197, "תאריך הגשת הבקשה": "2026-05-07 00:00:00", "מס' סימוכין": 2086055, "חברה": "PHI (משרת את הוט ופרטנר)", "סוג  היתר": "היתר הקמה", "מספר האתר": "NS4248D", "ישוב": "חדרה", "כתובת + תאור": "חדרה רח' יצחק בן צבי", "סוג המוקד": "קרקעי", "X_ITM": 192209, "Y_ITM": 702637, "תחום שיפוט": "חדרה"}}, {"type": "Feature", "geometry": {"type": "Point", "coordinates": [34.995393, 32.275621]}, "properties": {"_id": 83, "ID": 198, "תאריך הגשת הבקשה": "2026-05-07 00:00:00", "מס' סימוכין": 2086056, "חברה": "PHI (משרת את הוט ופרטנר)", "סוג  היתר": "היתר הקמה", "מספר האתר": "NS6519D", "ישוב": "טייבה", "כתובת + תאור": "מערבית לכביש 6 ולטייבה", "סוג המוקד": "קרקעי", "X_ITM": 199828, "Y_ITM": 686942, "תחום שיפוט": "טייבה"}}, {"type": "Feature", "geometry": {"type": "Point", "coordinates": [34.760729, 31.381232]}, "properties": {"_id": 84, "ID": 199, "תאריך הגשת הבקשה": "2026-05-07 00:00:00", "מס' סימוכין": 2086059, "חברה": "PHI (משרת את הוט ופרטנר)", "סוג  היתר": "היתר הקמה", "מספר האתר": "SO5368E", "ישוב": "רהט", "כתובת + תאור": "מרכז הצעירים ברהט", "סוג המוקד": "גג", "X_ITM": 177315, "Y_ITM": 587834, "תחום שיפוט": "רהט"}}, {"type": "Feature", "geometry": {"type": "Point", "coordinates": [35.339375, 31.817857]}, "properties": {"_id": 85, "ID": 252, "תאריך הגשת הבקשה": "2026-06-07 00:00:00", "מס' סימוכין": 2086694, "חברה": "PHI (משרת את הוט ופרטנר)", "סוג  היתר": "היתר הקמה", "מספר האתר": "EA2345D", "ישוב": "כפר אדומים", "כתובת + תאור": "כניסה לישיב כפר אדומים", "סוג המוקד": "קרקעי", "X_ITM": 232298, "Y_ITM": 636170, "תחום שיפוט": "מטה בנימין"}}, {"type": "Feature", "geometry": {"type": "Point", "coordinates": [35.200825, 32.337728]}, "properties": {"_id": 86, "ID": 253, "תאריך הגשת הבקשה": "2026-06-07 00:00:00", "מס' סימוכין": 2086706, "חברה": "סלקום", "סוג  היתר": "היתר הקמה", "מספר האתר": "24324", "ישוב": "שומרון", "כתובת + תאור": "מערבית לכביש מס' 60 בסמוך לשא-נור", "סוג המוקד": "תורן קרקעי", "X_ITM": 219182, "Y_ITM": 693810, "תחום שיפוט": "שומרון"}}, {"type": "Feature", "geometry": {"type": "Point", "coordinates": [35.129735, 31.8277]}, "properties": {"_id": 87, "ID": 254, "תאריך הגשת הבקשה": "2026-06-07 00:00:00", "מס' סימוכין": 2086704, "חברה": "סלקום", "סוג  היתר": "היתר הקמה", "מספר האתר": "23811", "ישוב": "מטה בנימין", "כתובת + תאור": "הר אדר בסמוך למגרש כדורגל", "סוג המוקד": "תורן קרקעי", "X_ITM": 212450, "Y_ITM": 637256, "תחום שיפוט": "הר אדר"}}, {"type": "Feature", "geometry": {"type": "Point", "coordinates": [34.991259, 32.813796]}, "properties": {"_id": 88, "ID": 100, "תאריך הגשת הבקשה": "2026-02-08 00:00:00", "מס' סימוכין": 2084609, "חברה": "PHI (משרת את הוט ופרטנר)", "סוג  היתר": "היתר הקמה", "מספר האתר": "NC4438E", "ישוב": "חיפה", "כתובת + תאור": "בית האוצר", "סוג המוקד": "גג", "X_ITM": 199558, "Y_ITM": 746625, "תחום שיפוט": "חיפה"}}, {"type": "Feature", "geometry": {"type": "Point", "coordinates": [34.834018, 32.121876]}, "properties": {"_id": 89, "ID": 293, "תאריך הגשת הבקשה": "2026-07-08 00:00:00", "מס' סימוכין": 2087339, "חברה": "פלאפון", "סוג  היתר": "היתר הקמה", "מספר האתר": "321043", "ישוב": "תל אביב יפו", "כתובת + תאור": "רח' יונתן 5", "סוג המוקד": "עוקצים", "X_ITM": 184566, "Y_ITM": 669934, "תחום שיפוט": "תל אביב יפו"}}, {"type": "Feature", "geometry": {"type": "Point", "coordinates": [34.767063, 31.257288]}, "properties": {"_id": 90, "ID": 294, "תאריך הגשת הבקשה": "2026-07-08 00:00:00", "מס' סימוכין": 2087342, "חברה": "פלאפון", "סוג  היתר": "היתר הקמה", "מספר האתר": "711946", "ישוב": "באר שבע", "כתובת + תאור": "רח' שאול המלך 80", "סוג המוקד": "תורן על מבנה", "X_ITM": 177863, "Y_ITM": 574089, "תחום שיפוט": "באר שבע"}}, {"type": "Feature", "geometry": {"type": "Point", "coordinates": [34.992812, 32.248762]}, "properties": {"_id": 91, "ID": 295, "תאריך הגשת הבקשה": "2026-07-08 00:00:00", "מס' סימוכין": 2087348, "חברה": "פלאפון", "סוג  היתר": "היתר הקמה", "מספר האתר": "925010", "ישוב": "טייבה", "כתובת + תאור": "תחנת משטרת טייבה", "סוג המוקד": "עוקצים", "X_ITM": 199579, "Y_ITM": 683964, "תחום שיפוט": "טייבה"}}, {"type": "Feature", "geometry": {"type": "Point", "coordinates": [34.812896, 32.005751]}, "properties": {"_id": 92, "ID": 101, "תאריך הגשת הבקשה": "2026-02-09 00:00:00", "מס' סימוכין": 2084624, "חברה": "PHI (משרת את הוט ופרטנר)", "סוג  היתר": "היתר הקמה", "מספר האתר": "WE6189C", "ישוב": "משמר השבעה", "כתובת + תאור": "מכון מטאורולוגי", "סוג המוקד": "גג", "X_ITM": 182526, "Y_ITM": 657064, "תחום שיפוט": "ראשון לציון"}}, {"type": "Feature", "geometry": {"type": "Point", "coordinates": [35.138358, 31.405188]}, "properties": {"_id": 93, "ID": 132, "תאריך הגשת הבקשה": "2026-03-09 00:00:00", "מס' סימוכין": 2084997, "חברה": "פלאפון", "סוג  היתר": "היתר הקמה", "מספר האתר": "160518", "ישוב": "הר חברון", "כתובת + תאור": "מצפה אביגייל-תורן מנהל אזרחי", "סוג המוקד": "תורן קרקעי", "X_ITM": 213238, "Y_ITM": 590407, "תחום שיפוט": "הר חברון"}}, {"type": "Feature", "geometry": {"type": "Point", "coordinates": [35.339375, 31.817857]}, "properties": {"_id": 94, "ID": 133, "תאריך הגשת הבקשה": "2026-03-09 00:00:00", "מס' סימוכין": 2085106, "חברה": "סלקום", "סוג  היתר": "היתר הקמה", "מספר האתר": "24261", "ישוב": "מטה בנימין", "כתובת + תאור": "דרומית לכפר אדומים", "סוג המוקד": "תורן קרקעי", "X_ITM": 232298, "Y_ITM": 636170, "תחום שיפוט": "מטה בנימין"}}, {"type": "Feature", "geometry": {"type": "Point", "coordinates": [34.949938, 31.710111]}, "properties": {"_id": 95, "ID": 134, "תאריך הגשת הבקשה": "2026-03-09 00:00:00", "מס' סימוכין": 2085104, "חברה": "סלקום", "סוג  היתר": "היתר הקמה", "מספר האתר": "24011", "ישוב": "מטה יהודה", "כתובת + תאור": "צפונית לכביש 38זכריה", "סוג המוקד": "תורן קרקעי", "X_ITM": 195398, "Y_ITM": 624243, "תחום שיפוט": "מטה יהודה"}}, {"type": "Feature", "geometry": {"type": "Point", "coordinates": [35.110927, 31.655533]}, "properties": {"_id": 96, "ID": 135, "תאריך הגשת הבקשה": "2026-03-09 00:00:00", "מס' סימוכין": 2085103, "חברה": "סלקום", "סוג  היתר": "היתר הקמה", "מספר האתר": "22981", "ישוב": "גוש עציון", "כתובת + תאור": "כפר עציון ליד הלולים בכניסה לבת עין", "סוג המוקד": "תורן קרקעי", "X_ITM": 210653, "Y_ITM": 618167, "תחום שיפוט": "גוש עציון"}}, {"type": "Feature", "geometry": {"type": "Point", "coordinates": [35.258092, 31.818566]}, "properties": {"_id": 97, "ID": 136, "תאריך הגשת הבקשה": "2026-03-09 00:00:00", "מס' סימוכין": 2085102, "חברה": "סלקום", "סוג  היתר": "היתר הקמה", "מספר האתר": "22645", "ישוב": "ירושלים", "כתובת + תאור": "ברחוב הרב שלום משאש בדרום-מזרח שכונת פסגת זאב בירושלים", "סוג המוקד": "תורן קרקעי", "X_ITM": 224602, "Y_ITM": 636242, "תחום שיפוט": "ירושלים"}}, {"type": "Feature", "geometry": {"type": "Point", "coordinates": [35.258092, 31.818566]}, "properties": {"_id": 98, "ID": 137, "תאריך הגשת הבקשה": "2026-03-09 00:00:00", "מס' סימוכין": 2085091, "חברה": "פלאפון", "סוג  היתר": "היתר הקמה", "מספר האתר": "216114", "ישוב": "ירושלים", "כתובת + תאור": "הרב שלום משאש", "סוג המוקד": "תורן קרקעי", "X_ITM": 224602, "Y_ITM": 636242, "תחום שיפוט": "ירושלים"}}, {"type": "Feature", "geometry": {"type": "Point", "coordinates": [35.138358, 31.405188]}, "properties": {"_id": 99, "ID": 138, "תאריך הגשת הבקשה": "2026-03-09 00:00:00", "מס' סימוכין": 2085105, "חברה": "סלקום", "סוג  היתר": "היתר הקמה", "מספר האתר": "24161", "ישוב": "הר חברון", "כתובת + תאור": "בין סוסיא למעון מצפה אביגיל הר חברון", "סוג המוקד": "תורן קרקעי", "X_ITM": 213238, "Y_ITM": 590407, "תחום שיפוט": "הר חברון"}}, {"type": "Feature", "geometry": {"type": "Point", "coordinates": [34.721311, 31.048104]}, "properties": {"_id": 100, "ID": 172, "תאריך הגשת הבקשה": "2026-04-09 00:00:00", "מס' סימוכין": 2085496, "חברה": "סלקום", "סוג  היתר": "היתר הקמה", "מספר האתר": "24026", "ישוב": "רמת נגב", "כתובת + תאור": "שטח פתוח צפונית לקיבוץ רביבים", "סוג המוקד": "תורן קרקעי", "X_ITM": 173404, "Y_ITM": 550914, "תחום שיפוט": "רמת הנגב"}}, {"type": "Feature", "geometry": {"type": "Point", "coordinates": [34.980831, 32.175534]}, "properties": {"_id": 101, "ID": 174, "תאריך הגשת הבקשה": "2026-04-09 00:00:00", "מס' סימוכין": 2085497, "חברה": "סלקום", "סוג  היתר": "היתר הקמה", "מספר האתר": "24122", "ישוב": "אלפי מנשה", "כתובת + תאור": "סמוך לתחנת דלקכביש 55 אלפי מנשה", "סוג המוקד": "תורן קרקעי", "X_ITM": 198433, "Y_ITM": 675846, "תחום שיפוט": "שטח ללא שיפוט"}}, {"type": "Feature", "geometry": {"type": "Point", "coordinates": [34.978288, 31.838785]}, "properties": {"_id": 102, "ID": 255, "תאריך הגשת הבקשה": "2026-06-09 00:00:00", "מס' סימוכין": 2086739, "חברה": "PHI (משרת את הוט ופרטנר)", "סוג  היתר": "היתר הקמה", "מספר האתר": "EA1613C", "ישוב": "נחשון", "כתובת + תאור": "אמפי תיאטרון יד לשריון 198115 638505", "סוג המוקד": "קרקעי", "X_ITM": 198115, "Y_ITM": 638505, "תחום שיפוט": "מטה יהודה"}}, {"type": "Feature", "geometry": {"type": "Point", "coordinates": [34.796868, 31.954235]}, "properties": {"_id": 103, "ID": 256, "תאריך הגשת הבקשה": "2026-06-09 00:00:00", "מס' סימוכין": 2086736, "חברה": "PHI (משרת את הוט ופרטנר)", "סוג  היתר": "היתר הקמה", "מספר האתר": "WE3292C", "ישוב": "ראשון לציון", "כתובת + תאור": "שדרות תש''ח/דרובין ראשון לציון", "סוג המוקד": "קרקעי", "X_ITM": 180990, "Y_ITM": 651357, "תחום שיפוט": "ראשון לציון"}}, {"type": "Feature", "geometry": {"type": "Point", "coordinates": [35.204416, 31.787933]}, "properties": {"_id": 104, "ID": 344, "תאריך הגשת הבקשה": "2026-08-09 00:00:00", "מס' סימוכין": 2087999, "חברה": "סלקום", "סוג  היתר": "היתר הקמה", "מספר האתר": "23877", "ישוב": "ירושלים", "כתובת + תאור": "הקריה המחוזית רח' יפו 171ירושלים", "סוג המוקד": "אתר זעיר פנימי", "X_ITM": 219520, "Y_ITM": 632844, "תחום שיפוט": "ירושלים"}}, {"type": "Feature", "geometry": {"type": "Point", "coordinates": [34.877779, 31.108998]}, "properties": {"_id": 105, "ID": 345, "תאריך הגשת הבקשה": "2026-08-09 00:00:00", "מס' סימוכין": 2088000, "חברה": "סלקום", "סוג  היתר": "היתר הקמה", "מספר האתר": "24399", "ישוב": "נאות חובב", "כתובת + תאור": "רמת בקע", "סוג המוקד": "תורן קרקעי", "X_ITM": 188360, "Y_ITM": 557611, "תחום שיפוט": "חסר מעמד"}}, {"type": "Feature", "geometry": {"type": "Point", "coordinates": [35.217298, 31.791467]}, "properties": {"_id": 106, "ID": 346, "תאריך הגשת הבקשה": "2026-08-09 00:00:00", "מס' סימוכין": 2087982, "חברה": "PHI (משרת את הוט ופרטנר)", "סוג  היתר": "היתר הקמה", "מספר האתר": "EA2199A", "ישוב": "ירושלים", "כתובת + תאור": "בית אבות שיבה טובה", "סוג המוקד": "גג", "X_ITM": 220740, "Y_ITM": 633236, "תחום שיפוט": "ירושלים"}}, {"type": "Feature", "geometry": {"type": "Point", "coordinates": [35.04072, 31.917583]}, "properties": {"_id": 107, "ID": 102, "תאריך הגשת הבקשה": "2026-02-10 00:00:00", "מס' סימוכין": 2084669, "חברה": "סלקום", "סוג  היתר": "היתר הקמה", "מספר האתר": "24096", "ישוב": "מטה בנימין", "כתובת + תאור": "מערבית לישוב כפר האורנים", "סוג המוקד": "תורן קרקעי", "X_ITM": 204038, "Y_ITM": 647232, "תחום שיפוט": "כפר הארנים"}}, {"type": "Feature", "geometry": {"type": "Point", "coordinates": [34.742056, 31.975375]}, "properties": {"_id": 108, "ID": 103, "תאריך הגשת הבקשה": "2026-02-10 00:00:00", "מס' סימוכין": 2084667, "חברה": "סלקום", "סוג  היתר": "היתר הקמה", "מספר האתר": "21960", "ישוב": "ראשון לציון", "כתובת + תאור": "לייב פארק רחוב המאה ועשרים ראשון לציון", "סוג המוקד": "תורן קרקעי", "X_ITM": 175818, "Y_ITM": 653722, "תחום שיפוט": "ראשון לציון"}}, {"type": "Feature", "geometry": {"type": "Point", "coordinates": [34.827908, 32.08979]}, "properties": {"_id": 109, "ID": 104, "תאריך הגשת הבקשה": "2026-02-10 00:00:00", "מס' סימוכין": 2084668, "חברה": "סלקום", "סוג  היתר": "היתר הקמה", "מספר האתר": "23154", "ישוב": "בני ברק", "כתובת + תאור": "ברחוב הרב שר 12בני ברק", "סוג המוקד": "עוקץ", "X_ITM": 183977, "Y_ITM": 666378, "תחום שיפוט": "בני ברק"}}, {"type": "Feature", "geometry": {"type": "Point", "coordinates": [35.200825, 32.337728]}, "properties": {"_id": 110, "ID": 257, "תאריך הגשת הבקשה": "2026-06-10 00:00:00", "מס' סימוכין": 2086759, "חברה": "פלאפון", "סוג  היתר": "היתר הקמה", "מספר האתר": "110417", "ישוב": "שומרון", "כתובת + תאור": "שאנור", "סוג המוקד": "תורן קרקעי", "X_ITM": 219182, "Y_ITM": 693810, "תחום שיפוט": "שומרון"}}, {"type": "Feature", "geometry": {"type": "Point", "coordinates": [35.253826, 31.722323]}, "properties": {"_id": 111, "ID": 347, "תאריך הגשת הבקשה": "2026-08-10 00:00:00", "מס' סימוכין": 2088020, "חברה": "PHI (משרת את הוט ופרטנר)", "סוג  היתר": "היתר הקמה", "מספר האתר": "EA2020E", "ישוב": "ירושלים", "כתובת + תאור": "ואדי אלחומס", "סוג המוקד": "גג", "X_ITM": 224203, "Y_ITM": 625570, "תחום שיפוט": "גוש עציון"}}, {"type": "Feature", "geometry": {"type": "Point", "coordinates": [35.065243, 32.644586]}, "properties": {"_id": 112, "ID": 348, "תאריך הגשת הבקשה": "2026-08-10 00:00:00", "מס' סימוכין": 2088023, "חברה": "PHI (משרת את הוט ופרטנר)", "סוג  היתר": "היתר הקמה", "מספר האתר": "NC4351C", "ישוב": "יוקנעם עילית", "כתובת + תאור": "מחלף אלייקים תורן סלקום", "סוג המוקד": "קרקעי", "X_ITM": 206462, "Y_ITM": 727848, "תחום שיפוט": "חסר מעמד"}}, {"type": "Feature", "geometry": {"type": "Point", "coordinates": [34.824699, 32.058867]}, "properties": {"_id": 113, "ID": 349, "תאריך הגשת הבקשה": "2026-08-10 00:00:00", "מס' סימוכין": 2087956, "חברה": "פלאפון", "סוג  היתר": "היתר הקמה", "מספר האתר": "344251", "ישוב": "רמת גן", "כתובת + תאור": "האתר ימוקם על גג תחנת דלק סונול רח' אלוף שדה 101  רמת גן", "סוג המוקד": "תורן על מבנה", "X_ITM": 183662, "Y_ITM": 662950, "תחום שיפוט": "רמת גן"}}, {"type": "Feature", "geometry": {"type": "Point", "coordinates": [34.817662, 32.163363]}, "properties": {"_id": 114, "ID": 350, "תאריך הגשת הבקשה": "2026-08-10 00:00:00", "מס' סימוכין": 2088013, "חברה": "פלאפון", "סוג  היתר": "היתר הקמה", "מספר האתר": "935930", "ישוב": "הרצליה", "כתובת + תאור": "תחנת רכבת הרצליה", "סוג המוקד": "עוקצים", "X_ITM": 183039, "Y_ITM": 674540, "תחום שיפוט": "הרצליה"}}, {"type": "Feature", "geometry": {"type": "Point", "coordinates": [34.916222, 32.555639]}, "properties": {"_id": 115, "ID": 76, "תאריך הגשת הבקשה": "2026-01-11 00:00:00", "מס' סימוכין": 2084056, "חברה": "PHI (משרת את הוט ופרטנר)", "סוג  היתר": "היתר הקמה", "מספר האתר": "NC0868B", "ישוב": "מעגן מיכאל", "כתובת + תאור": "מגדל מים מעגן מיכאל", "סוג המוקד": "גג", "X_ITM": 192453, "Y_ITM": 718012, "תחום שיפוט": "מעגן מיכאל"}}, {"type": "Feature", "geometry": {"type": "Point", "coordinates": [34.734655, 31.895393]}, "properties": {"_id": 116, "ID": 106, "תאריך הגשת הבקשה": "2026-02-11 00:00:00", "מס' סימוכין": 2084673, "חברה": "PHI (משרת את הוט ופרטנר)", "סוג  היתר": "היתר הקמה", "מספר האתר": "SI5548C", "ישוב": "יבנה", "כתובת + תאור": "מפעל אורמת יבנה", "סוג המוקד": "פנימי", "X_ITM": 175080, "Y_ITM": 644856, "תחום שיפוט": "יבנה"}}, {"type": "Feature", "geometry": {"type": "Point", "coordinates": [35.14366, 32.430134]}, "properties": {"_id": 117, "ID": 140, "תאריך הגשת הבקשה": "2026-03-11 00:00:00", "מס' סימוכין": 2085141, "חברה": "סלקום", "סוג  היתר": "היתר הקמה", "מספר האתר": "24154", "ישוב": "שומרון", "כתובת + תאור": "דרומית לצומת עמק דותן בסמוך לכביש 585", "סוג המוקד": "תורן קרקעי", "X_ITM": 213806, "Y_ITM": 704059, "תחום שיפוט": "שומרון"}}, {"type": "Feature", "geometry": {"type": "Point", "coordinates": [35.45082, 31.800501]}, "properties": {"_id": 118, "ID": 141, "תאריך הגשת הבקשה": "2026-03-11 00:00:00", "מס' סימוכין": 2085142, "חברה": "סלקום", "סוג  היתר": "היתר הקמה", "מספר האתר": "24199", "ישוב": "מגילות", "כתובת + תאור": "צומת אלמוג בסמוך לתחנת דלק", "סוג המוקד": "תורן קרקעי", "X_ITM": 242854, "Y_ITM": 634264, "תחום שיפוט": "מגילות ים המלח"}}, {"type": "Feature", "geometry": {"type": "Point", "coordinates": [35.222288, 31.606288]}, "properties": {"_id": 119, "ID": 142, "תאריך הגשת הבקשה": "2026-03-11 00:00:00", "מס' סימוכין": 2085139, "חברה": "סלקום", "סוג  היתר": "היתר הקמה", "מספר האתר": "22897", "ישוב": "גוש עציון", "כתובת + תאור": "איבי נחל גוש עציון צפונית למעלה עמוס", "סוג המוקד": "תורן קרקעי", "X_ITM": 221216, "Y_ITM": 612703, "תחום שיפוט": "גוש עציון"}}, {"type": "Feature", "geometry": {"type": "Point", "coordinates": [35.198641, 31.780384]}, "properties": {"_id": 120, "ID": 200, "תאריך הגשת הבקשה": "2026-05-11 00:00:00", "מס' סימוכין": 2086102, "חברה": "PHI (משרת את הוט ופרטנר)", "סוג  היתר": "היתר הקמה", "מספר האתר": "EI1301C", "ישוב": "ירושלים", "כתובת + תאור": "חניון קבייג", "סוג המוקד": "פנימי", "X_ITM": 218973, "Y_ITM": 632007, "תחום שיפוט": "ירושלים"}}, {"type": "Feature", "geometry": {"type": "Point", "coordinates": [34.994795, 32.813134]}, "properties": {"_id": 121, "ID": 201, "תאריך הגשת הבקשה": "2026-05-11 00:00:00", "מס' סימוכין": 2086114, "חברה": "פלאפון", "סוג  היתר": "היתר הקמה", "מספר האתר": "212331", "ישוב": "חיפה", "כתובת + תאור": "הנביאים 18", "סוג המוקד": "פריסה פנימית", "X_ITM": 199889, "Y_ITM": 746551, "תחום שיפוט": "חיפה"}}, {"type": "Feature", "geometry": {"type": "Point", "coordinates": [34.795012, 32.078921]}, "properties": {"_id": 122, "ID": 351, "תאריך הגשת הבקשה": "2026-08-11 00:00:00", "מס' סימוכין": 2088026, "חברה": "PHI (משרת את הוט ופרטנר)", "סוג  היתר": "היתר הקמה", "מספר האתר": "WI6395D", "ישוב": "תל אביב", "כתובת + תאור": "מנחם בגין תל אביב", "סוג המוקד": "פנימי", "X_ITM": 180867, "Y_ITM": 665184, "תחום שיפוט": "תל אביב יפו"}}, {"type": "Feature", "geometry": {"type": "Point", "coordinates": [35.056319, 30.817372]}, "properties": {"_id": 123, "ID": 352, "תאריך הגשת הבקשה": "2026-08-11 00:00:00", "מס' סימוכין": 2088025, "חברה": "PHI (משרת את הוט ופרטנר)", "סוג  היתר": "היתר הקמה", "מספר האתר": "COW5555", "ישוב": "דימונה", "כתובת + תאור": "פסטיבל מטברן", "סוג המוקד": "קרקעי", "X_ITM": 205349, "Y_ITM": 525242, "תחום שיפוט": "הערבה התיכונה"}}, {"type": "Feature", "geometry": {"type": "Point", "coordinates": [34.75419, 31.387748]}, "properties": {"_id": 124, "ID": 77, "תאריך הגשת הבקשה": "2026-01-12 00:00:00", "מס' סימוכין": 2084087, "חברה": "פלאפון", "סוג  היתר": "היתר הקמה", "מספר האתר": "711937", "ישוב": "רהט", "כתובת + תאור": "רח' אלריאד 1", "סוג המוקד": "עוקצים", "X_ITM": 176696, "Y_ITM": 588559, "תחום שיפוט": "רהט"}}, {"type": "Feature", "geometry": {"type": "Point", "coordinates": [35.110927, 31.655533]}, "properties": {"_id": 125, "ID": 107, "תאריך הגשת הבקשה": "2026-02-12 00:00:00", "מס' סימוכין": 2084687, "חברה": "פלאפון", "סוג  היתר": "היתר הקמה", "מספר האתר": "160519", "ישוב": "גוש עציון", "כתובת + תאור": "סבית עין", "סוג המוקד": "תורן קרקעי", "X_ITM": 210653, "Y_ITM": 618167, "תחום שיפוט": "גוש עציון"}}, {"type": "Feature", "geometry": {"type": "Point", "coordinates": [35.002216, 32.381535]}, "properties": {"_id": 126, "ID": 175, "תאריך הגשת הבקשה": "2026-04-12 00:00:00", "מס' סימוכין": 2085540, "חברה": "PHI (משרת את הוט ופרטנר)", "סוג  היתר": "היתר הקמה", "מספר האתר": "NS6531C", "ישוב": "אחיטוב", "כתובת + תאור": "תחנת רכבת אחיטוב", "סוג המוקד": "קרקעי", "X_ITM": 200493, "Y_ITM": 698686, "תחום שיפוט": "חסר מעמד"}}, {"type": "Feature", "geometry": {"type": "Point", "coordinates": [34.796168, 31.935529]}, "properties": {"_id": 127, "ID": 79, "תאריך הגשת הבקשה": "2026-01-13 00:00:00", "מס' סימוכין": 2084121, "חברה": "PHI (משרת את הוט ופרטנר)", "סוג  היתר": "היתר הקמה", "מספר האתר": "WE3322A", "ישוב": "נס ציונה", "כתובת + תאור": "מגדל מים", "סוג המוקד": "גג", "X_ITM": 180916, "Y_ITM": 649283, "תחום שיפוט": "נס ציונה"}}, {"type": "Feature", "geometry": {"type": "Point", "coordinates": [35.217298, 31.791467]}, "properties": {"_id": 128, "ID": 80, "תאריך הגשת הבקשה": "2026-01-13 00:00:00", "מס' סימוכין": 2084116, "חברה": "PHI (משרת את הוט ופרטנר)", "סוג  היתר": "היתר הקמה", "מספר האתר": "EA2199A", "ישוב": "ירושלים", "כתובת + תאור": "בית אבות שיבה טובה", "סוג המוקד": "גג", "X_ITM": 220740, "Y_ITM": 633236, "תחום שיפוט": "ירושלים"}}, {"type": "Feature", "geometry": {"type": "Point", "coordinates": [34.801124, 32.124751]}, "properties": {"_id": 129, "ID": 81, "תאריך הגשת הבקשה": "2026-01-13 00:00:00", "מס' סימוכין": 2084133, "חברה": "סלקום", "סוג  היתר": "היתר הקמה", "מספר האתר": "21608", "ישוב": "תל אביב-יפו", "כתובת + תאור": "מבנה מסחרי ברחוב אב\"א אחימאיר 17 בתל אביב", "סוג המוקד": "עוקץ", "X_ITM": 181463, "Y_ITM": 670264, "תחום שיפוט": "תל אביב יפו"}}, {"type": "Feature", "geometry": {"type": "Point", "coordinates": [35.072293, 32.930135]}, "properties": {"_id": 130, "ID": 176, "תאריך הגשת הבקשה": "2026-04-13 00:00:00", "מס' סימוכין": 2085579, "חברה": "PHI (משרת את הוט ופרטנר)", "סוג  היתר": "היתר הקמה", "מספר האתר": "NC0600H", "ישוב": "עכו", "כתובת + תאור": "בניין משרדים רחוב הרצל עכו", "סוג המוקד": "גג", "X_ITM": 207163, "Y_ITM": 759515, "תחום שיפוט": "עכו"}}, {"type": "Feature", "geometry": {"type": "Point", "coordinates": [35.13911, 31.78981]}, "properties": {"_id": 131, "ID": 177, "תאריך הגשת הבקשה": "2026-04-13 00:00:00", "מס' סימוכין": 2085590, "חברה": "פלאפון", "סוג  היתר": "היתר הקמה", "מספר האתר": "216989", "ישוב": "מבשרת ציון", "כתובת + תאור": "צור 1", "סוג המוקד": "תורן על מבנה+עוקצים", "X_ITM": 213335, "Y_ITM": 633054, "תחום שיפוט": "מבשרת ציון"}}, {"type": "Feature", "geometry": {"type": "Point", "coordinates": [35.002216, 32.381535]}, "properties": {"_id": 132, "ID": 202, "תאריך הגשת הבקשה": "2026-05-13 00:00:00", "מס' סימוכין": 2086213, "חברה": "פלאפון", "סוג  היתר": "היתר הקמה", "מספר האתר": "924976", "ישוב": "אחיטוב", "כתובת + תאור": "תחנת רכבת אחיטוב במסילה המזרחית", "סוג המוקד": "תורן קרקעי", "X_ITM": 200493, "Y_ITM": 698686, "תחום שיפוט": "חסר מעמד"}}, {"type": "Feature", "geometry": {"type": "Point", "coordinates": [34.776783, 32.047325]}, "properties": {"_id": 133, "ID": 204, "תאריך הגשת הבקשה": "2026-05-13 00:00:00", "מס' סימוכין": 2086191, "חברה": "PHI (משרת את הוט ופרטנר)", "סוג  היתר": "היתר הקמה", "מספר האתר": "WI6498C", "ישוב": "תל אביב-יפו", "כתובת + תאור": "קיבוץ גלויות  תל אביב", "סוג המוקד": "פנימי", "X_ITM": 179132, "Y_ITM": 661687, "תחום שיפוט": "תל אביב יפו"}}, {"type": "Feature", "geometry": {"type": "Point", "coordinates": [34.842217, 32.114451]}, "properties": {"_id": 134, "ID": 205, "תאריך הגשת הבקשה": "2026-05-13 00:00:00", "מס' סימוכין": 2086188, "חברה": "PHI (משרת את הוט ופרטנר)", "סוג  היתר": "היתר הקמה", "מספר האתר": "TC0147G", "ישוב": "תל אביב-יפו", "כתובת + תאור": "קרית עתידים 5   בניין 6", "סוג המוקד": "גג", "X_ITM": 185337, "Y_ITM": 669108, "תחום שיפוט": "תל אביב יפו"}}, {"type": "Feature", "geometry": {"type": "Point", "coordinates": [35.246225, 31.781929]}, "properties": {"_id": 135, "ID": 296, "תאריך הגשת הבקשה": "2026-07-13 00:00:00", "מס' סימוכין": 2087382, "חברה": "PHI (משרת את הוט ופרטנר)", "סוג  היתר": "היתר הקמה", "מספר האתר": "JC1151B", "ישוב": "ירושלים", "כתובת + תאור": "ליד בית חולים אוגוסטה ויקטוריה", "סוג המוקד": "גג", "X_ITM": 223480, "Y_ITM": 632179, "תחום שיפוט": "ירושלים"}}, {"type": "Feature", "geometry": {"type": "Point", "coordinates": [35.106775, 33.007846]}, "properties": {"_id": 136, "ID": 297, "תאריך הגשת הבקשה": "2026-07-13 00:00:00", "מס' סימוכין": 2087385, "חברה": "PHI (משרת את הוט ופרטנר)", "סוג  היתר": "היתר הקמה", "מספר האתר": "NC4124Q", "ישוב": "נהריה", "כתובת + תאור": "בזק נהריה", "סוג המוקד": "גג", "X_ITM": 210396, "Y_ITM": 768130, "תחום שיפוט": "נהריה"}}, {"type": "Feature", "geometry": {"type": "Point", "coordinates": [34.866253, 31.925977]}, "properties": {"_id": 137, "ID": 1, "תאריך הגשת הבקשה": "2025-08-13 00:00:00", "מס' סימוכין": 2081381, "חברה": "פלאפון", "סוג  היתר": "היתר הקמה", "מספר האתר": "816044", "ישוב": "רמלה", "כתובת + תאור": "שמשון הגיבור 17", "סוג המוקד": "תורן קרקעי", "X_ITM": 187540, "Y_ITM": 648201, "תחום שיפוט": "רמלה"}}, {"type": "Feature", "geometry": {"type": "Point", "coordinates": [35.087761, 32.867213]}, "properties": {"_id": 138, "ID": 3, "תאריך הגשת הבקשה": "2025-08-13 00:00:00", "מס' סימוכין": 2081379, "חברה": "פלאפון", "סוג  היתר": "היתר הקמה", "מספר האתר": "644638", "ישוב": "קרית ביאליק", "כתובת + תאור": "מכון דוד רפאל", "סוג המוקד": "פריסה פנימית", "X_ITM": 208602, "Y_ITM": 752535, "תחום שיפוט": "חסר מעמד"}}, {"type": "Feature", "geometry": {"type": "Point", "coordinates": [35.050731, 31.925559]}, "properties": {"_id": 139, "ID": 143, "תאריך הגשת הבקשה": "2026-03-14 00:00:00", "מס' סימוכין": 2085162, "חברה": "PHI (משרת את הוט ופרטנר)", "סוג  היתר": "היתר הקמה", "מספר האתר": "EA2054C", "ישוב": "מודיעין עילית", "כתובת + תאור": "מודיעין עלית גרין פארק", "סוג המוקד": "קרקעי", "X_ITM": 204986, "Y_ITM": 648115, "תחום שיפוט": "מודיעין עילית"}}, {"type": "Feature", "geometry": {"type": "Point", "coordinates": [34.900209, 32.187468]}, "properties": {"_id": 140, "ID": 258, "תאריך הגשת הבקשה": "2026-06-14 00:00:00", "מס' סימוכין": 2086849, "חברה": "סלקום", "סוג  היתר": "היתר הקמה", "מספר האתר": "23216", "ישוב": "כפר סבא", "כתובת + תאור": "בשדרות מנחם בגין בכפר סבא", "סוג המוקד": "תורן קרקעי", "X_ITM": 190833, "Y_ITM": 677188, "תחום שיפוט": "כפר סבא"}}, {"type": "Feature", "geometry": {"type": "Point", "coordinates": [34.948691, 31.57978]}, "properties": {"_id": 141, "ID": 259, "תאריך הגשת הבקשה": "2026-06-14 00:00:00", "מס' סימוכין": 2086817, "חברה": "PHI (משרת את הוט ופרטנר)", "סוג  היתר": "היתר הקמה", "מספר האתר": "EA1263A", "ישוב": "לכיש", "כתובת + תאור": "עלמה", "סוג המוקד": "קרקעי", "X_ITM": 195246, "Y_ITM": 609792, "תחום שיפוט": "הר חברון"}}, {"type": "Feature", "geometry": {"type": "Point", "coordinates": [34.97715, 31.617144]}, "properties": {"_id": 142, "ID": 260, "תאריך הגשת הבקשה": "2026-06-14 00:00:00", "מס' סימוכין": 2086819, "חברה": "PHI (משרת את הוט ופרטנר)", "סוג  היתר": "היתר הקמה", "מספר האתר": "EA1262A", "ישוב": "נחושה", "כתובת + תאור": "תנזיר", "סוג המוקד": "קרקעי", "X_ITM": 197956, "Y_ITM": 613929, "תחום שיפוט": "גוש עציון"}}, {"type": "Feature", "geometry": {"type": "Point", "coordinates": [35.275437, 31.76607]}, "properties": {"_id": 143, "ID": 298, "תאריך הגשת הבקשה": "2026-07-14 00:00:00", "מס' סימוכין": 2087424, "חברה": "PHI (משרת את הוט ופרטנר)", "סוג  היתר": "היתר הקמה", "מספר האתר": "EA2361C", "ישוב": "ירושלים", "כתובת + תאור": "אל עזרייה", "סוג המוקד": "גג", "X_ITM": 226248, "Y_ITM": 630422, "תחום שיפוט": "גוש עציון"}}, {"type": "Feature", "geometry": {"type": "Point", "coordinates": [35.005903, 32.040433]}, "properties": {"_id": 144, "ID": 83, "תאריך הגשת הבקשה": "2026-01-15 00:00:00", "מס' סימוכין": 2084154, "חברה": "פלאפון", "סוג  היתר": "היתר הקמה", "מספר האתר": "354434", "ישוב": "מטה בנימין", "כתובת + תאור": "סמוך למוצב רנתיס", "סוג המוקד": "תורן קרקעי", "X_ITM": 200770, "Y_ITM": 660860, "תחום שיפוט": "מטה בנימין"}}, {"type": "Feature", "geometry": {"type": "Point", "coordinates": [35.054023, 32.419986]}, "properties": {"_id": 145, "ID": 144, "תאריך הגשת הבקשה": "2026-03-15 00:00:00", "מס' סימוכין": 2085179, "חברה": "סלקום", "סוג  היתר": "היתר הקמה", "מספר האתר": "24076", "ישוב": "באקה אל גרביה", "כתובת + תאור": "מזרחית לבאקה אל גרביה", "סוג המוקד": "תורן קרקעי", "X_ITM": 205374, "Y_ITM": 702942, "תחום שיפוט": "באקה ג'ת"}}, {"type": "Feature", "geometry": {"type": "Point", "coordinates": [35.120424, 31.880497]}, "properties": {"_id": 146, "ID": 145, "תאריך הגשת הבקשה": "2026-03-15 00:00:00", "מס' סימוכין": 2085182, "חברה": "סלקום", "סוג  היתר": "היתר הקמה", "מספר האתר": "24205", "ישוב": "מטה בנימין", "כתובת + תאור": "מזרחית לכביש 443 צפונית לבית חורון", "סוג המוקד": "תורן קרקעי", "X_ITM": 211573, "Y_ITM": 643111, "תחום שיפוט": "מטה בנימין"}}, {"type": "Feature", "geometry": {"type": "Point", "coordinates": [35.334929, 32.057475]}, "properties": {"_id": 147, "ID": 146, "תאריך הגשת הבקשה": "2026-03-15 00:00:00", "מס' סימוכין": 2085180, "חברה": "סלקום", "סוג  היתר": "היתר הקמה", "מספר האתר": "24198", "ישוב": "מטה בנימין", "כתובת + תאור": "שבות רחל אחייה בסמוך למאגר מים", "סוג המוקד": "תורן קרקעי", "X_ITM": 231845, "Y_ITM": 662740, "תחום שיפוט": "מטה בנימין"}}, {"type": "Feature", "geometry": {"type": "Point", "coordinates": [34.799664, 32.104962]}, "properties": {"_id": 148, "ID": 147, "תאריך הגשת הבקשה": "2026-03-15 00:00:00", "מס' סימוכין": 2085155, "חברה": "PHI (משרת את הוט ופרטנר)", "סוג  היתר": "היתר הקמה", "מספר האתר": "WE0165B", "ישוב": "תל אביב-יפו", "כתובת + תאור": "קולדג'", "סוג המוקד": "גג", "X_ITM": 181317, "Y_ITM": 668070, "תחום שיפוט": "תל אביב יפו"}}, {"type": "Feature", "geometry": {"type": "Point", "coordinates": [34.991288, 32.805996]}, "properties": {"_id": 149, "ID": 148, "תאריך הגשת הבקשה": "2026-03-15 00:00:00", "מס' סימוכין": 2085147, "חברה": "PHI (משרת את הוט ופרטנר)", "סוג  היתר": "היתר הקמה", "מספר האתר": "NC4122D", "ישוב": "חיפה", "כתובת + תאור": "בית החולים בני ציון", "סוג המוקד": "גג", "X_ITM": 199559, "Y_ITM": 745760, "תחום שיפוט": "חיפה"}}, {"type": "Feature", "geometry": {"type": "Point", "coordinates": [35.418659, 32.880195]}, "properties": {"_id": 150, "ID": 149, "תאריך הגשת הבקשה": "2026-03-15 00:00:00", "מס' סימוכין": 2085178, "חברה": "סלקום", "סוג  היתר": "היתר הקמה", "מספר האתר": "23997", "ישוב": "מע'אר", "כתובת + תאור": "בניין העירייה מע'אר", "סוג המוקד": "תורן על הגג", "X_ITM": 239569, "Y_ITM": 753989, "תחום שיפוט": "מגאר"}}, {"type": "Feature", "geometry": {"type": "Point", "coordinates": [35.334876, 31.997722]}, "properties": {"_id": 151, "ID": 150, "תאריך הגשת הבקשה": "2026-03-15 00:00:00", "מס' סימוכין": 2085181, "חברה": "סלקום", "סוג  היתר": "היתר הקמה", "מספר האתר": "24203", "ישוב": "מטה בנימין", "כתובת + תאור": "חוות שלישה (כביש אלון) מערבית למחצבת כוכב השער", "סוג המוקד": "תורן קרקעי", "X_ITM": 231848, "Y_ITM": 656114, "תחום שיפוט": "מטה בנימין"}}, {"type": "Feature", "geometry": {"type": "Point", "coordinates": [35.268891, 32.979168]}, "properties": {"_id": 152, "ID": 299, "תאריך הגשת הבקשה": "2026-07-15 00:00:00", "מס' סימוכין": 2087461, "חברה": "PHI (משרת את הוט ופרטנר)", "סוג  היתר": "היתר הקמה", "מספר האתר": "IN4979D", "ישוב": "מגדל תפן", "כתובת + תאור": "ישקר 3", "סוג המוקד": "פנימי", "X_ITM": 225547, "Y_ITM": 764947, "תחום שיפוט": "מגדל תפן"}}, {"type": "Feature", "geometry": {"type": "Point", "coordinates": [34.793734, 32.021436]}, "properties": {"_id": 153, "ID": 300, "תאריך הגשת הבקשה": "2026-07-15 00:00:00", "מס' סימוכין": 2087480, "חברה": "פלאפון", "סוג  היתר": "היתר הקמה", "מספר האתר": "361054", "ישוב": "חולון", "כתובת + תאור": "פרופסור שור 57", "סוג המוקד": "תורן על מבנה", "X_ITM": 180722, "Y_ITM": 658810, "תחום שיפוט": "חולון"}}, {"type": "Feature", "geometry": {"type": "Point", "coordinates": [35.268535, 31.769573]}, "properties": {"_id": 154, "ID": 301, "תאריך הגשת הבקשה": "2026-07-15 00:00:00", "מס' סימוכין": 2087471, "חברה": "פלאפון", "סוג  היתר": "היתר הקמה", "מספר האתר": "216809", "ישוב": "ירושלים", "כתובת + תאור": "שכונת עיזרייה", "סוג המוקד": "עוקצים", "X_ITM": 225594, "Y_ITM": 630810, "תחום שיפוט": "גוש עציון"}}, {"type": "Feature", "geometry": {"type": "Point", "coordinates": [34.668885, 31.818578]}, "properties": {"_id": 155, "ID": 27, "תאריך הגשת הבקשה": "2025-10-15 00:00:00", "מס' סימוכין": 2082249, "חברה": "פלאפון", "סוג  היתר": "היתר הקמה", "מספר האתר": "824402", "ישוב": "אשדוד", "כתובת + תאור": "ארוון שלזינגר 1 א.ת אשדוד", "סוג המוקד": "עוקצים", "X_ITM": 168816, "Y_ITM": 636367, "תחום שיפוט": "אשדוד"}}, {"type": "Feature", "geometry": {"type": "Point", "coordinates": [35.181332, 31.75624]}, "properties": {"_id": 156, "ID": 28, "תאריך הגשת הבקשה": "2025-10-15 00:00:00", "מס' סימוכין": 2082216, "חברה": "PHI (משרת את הוט ופרטנר)", "סוג  היתר": "היתר הקמה", "מספר האתר": "JS1106D", "ישוב": "ירושלים", "כתובת + תאור": "צומת גולומב", "סוג המוקד": "קרקעי", "X_ITM": 217333, "Y_ITM": 629330, "תחום שיפוט": "ירושלים"}}, {"type": "Feature", "geometry": {"type": "Point", "coordinates": [34.785368, 32.06401]}, "properties": {"_id": 157, "ID": 29, "תאריך הגשת הבקשה": "2025-10-15 00:00:00", "מס' סימוכין": 2082222, "חברה": "PHI (משרת את הוט ופרטנר)", "סוג  היתר": "היתר הקמה", "מספר האתר": "WE3901D", "ישוב": "תל אביב-יפו", "כתובת + תאור": "בית עובד 2 פינת המסגר", "סוג המוקד": "גג", "X_ITM": 179950, "Y_ITM": 663534, "תחום שיפוט": "תל אביב יפו"}}, {"type": "Feature", "geometry": {"type": "Point", "coordinates": [34.789131, 32.074817]}, "properties": {"_id": 158, "ID": 58, "תאריך הגשת הבקשה": "2025-12-15 00:00:00", "מס' סימוכין": 2083540, "חברה": "PHI (משרת את הוט ופרטנר)", "סוג  היתר": "היתר הקמה", "מספר האתר": "WI0383A", "ישוב": "תל אביב-יפו", "כתובת + תאור": "משרד הביטחון קיריה", "סוג המוקד": "פנימי", "X_ITM": 180310, "Y_ITM": 664731, "תחום שיפוט": "תל אביב יפו"}}, {"type": "Feature", "geometry": {"type": "Point", "coordinates": [34.980251, 32.834362]}, "properties": {"_id": 159, "ID": 59, "תאריך הגשת הבקשה": "2025-12-15 00:00:00", "מס' סימוכין": 2083557, "חברה": "פלאפון", "סוג  היתר": "היתר הקמה", "מספר האתר": "420890", "ישוב": "חיפה", "כתובת + תאור": "בה\"ד חיל הים", "סוג המוקד": "עוקצים", "X_ITM": 198532, "Y_ITM": 748908, "תחום שיפוט": "חיפה"}}, {"type": "Feature", "geometry": {"type": "Point", "coordinates": [34.840713, 32.162323]}, "properties": {"_id": 160, "ID": 108, "תאריך הגשת הבקשה": "2026-02-16 00:00:00", "מס' סימוכין": 2084756, "חברה": "PHI (משרת את הוט ופרטנר)", "סוג  היתר": "היתר הקמה", "מספר האתר": "TN0075H", "ישוב": "הרצליה", "כתובת + תאור": "מבנה עירייה הרצליה", "סוג המוקד": "גג", "X_ITM": 185213, "Y_ITM": 674417, "תחום שיפוט": "הרצליה"}}, {"type": "Feature", "geometry": {"type": "Point", "coordinates": [34.628799, 31.315194]}, "properties": {"_id": 161, "ID": 109, "תאריך הגשת הבקשה": "2026-02-16 00:00:00", "מס' סימוכין": 2084766, "חברה": "פלאפון", "סוג  היתר": "היתר הקמה", "מספר האתר": "7124781", "ישוב": "אופקים", "כתובת + תאור": "רחוב בצלאל", "סוג המוקד": "תורן קרקעי", "X_ITM": 164727, "Y_ITM": 580570, "תחום שיפוט": "אופקים"}}, {"type": "Feature", "geometry": {"type": "Point", "coordinates": [35.334929, 32.057475]}, "properties": {"_id": 162, "ID": 151, "תאריך הגשת הבקשה": "2026-03-16 00:00:00", "מס' סימוכין": 2085205, "חברה": "פלאפון", "סוג  היתר": "היתר הקמה", "מספר האתר": "131654", "ישוב": "מטה בנימין", "כתובת + תאור": "אחיה", "סוג המוקד": "תורן קרקעי", "X_ITM": 231845, "Y_ITM": 662740, "תחום שיפוט": "מטה בנימין"}}, {"type": "Feature", "geometry": {"type": "Point", "coordinates": [34.799207, 31.258142]}, "properties": {"_id": 163, "ID": 152, "תאריך הגשת הבקשה": "2026-03-16 00:00:00", "מס' סימוכין": 2085224, "חברה": "סלקום", "סוג  היתר": "היתר הקמה", "מספר האתר": "24081", "ישוב": "באר שבע", "כתובת + תאור": "ביה\"ח סורוקה מבנה 22", "סוג המוקד": "עוקץ", "X_ITM": 180925, "Y_ITM": 574172, "תחום שיפוט": "באר שבע"}}, {"type": "Feature", "geometry": {"type": "Point", "coordinates": [35.334876, 31.997722]}, "properties": {"_id": 164, "ID": 153, "תאריך הגשת הבקשה": "2026-03-16 00:00:00", "מס' סימוכין": 2085206, "חברה": "פלאפון", "סוג  היתר": "היתר הקמה", "מספר האתר": "131864", "ישוב": "מטה בנימין", "כתובת + תאור": "מערבית למחצבת כוכב השער חוות שלישה כביש אלון", "סוג המוקד": "תורן קרקעי", "X_ITM": 231848, "Y_ITM": 656114, "תחום שיפוט": "מטה בנימין"}}, {"type": "Feature", "geometry": {"type": "Point", "coordinates": [35.138755, 32.464506]}, "properties": {"_id": 165, "ID": 154, "תאריך הגשת הבקשה": "2026-03-16 00:00:00", "מס' סימוכין": 2085225, "חברה": "סלקום", "סוג  היתר": "היתר הקמה", "מספר האתר": "24155", "ישוב": "שומרון", "כתובת + תאור": "דרום מזרח לישוב ריחן בסמוך לכביש 596", "סוג המוקד": "תורן קרקעי", "X_ITM": 213347, "Y_ITM": 707871, "תחום שיפוט": "שומרון"}}, {"type": "Feature", "geometry": {"type": "Point", "coordinates": [34.89364, 31.91013]}, "properties": {"_id": 166, "ID": 261, "תאריך הגשת הבקשה": "2026-06-16 00:00:00", "מס' סימוכין": 2086914, "חברה": "PHI (משרת את הוט ופרטנר)", "סוג  היתר": "היתר הקמה", "מספר האתר": "WE6026F", "ישוב": "רמלה", "כתובת + תאור": "מחלף נשרים", "סוג המוקד": "קרקעי", "X_ITM": 190125, "Y_ITM": 646436, "תחום שיפוט": "רמלה"}}, {"type": "Feature", "geometry": {"type": "Point", "coordinates": [34.900974, 32.187145]}, "properties": {"_id": 167, "ID": 262, "תאריך הגשת הבקשה": "2026-06-16 00:00:00", "מס' סימוכין": 2086911, "חברה": "PHI (משרת את הוט ופרטנר)", "סוג  היתר": "היתר הקמה", "מספר האתר": "WE3062F", "ישוב": "כפר סבא", "כתובת + תאור": "בגין כפר סבא", "סוג המוקד": "קרקעי", "X_ITM": 190905, "Y_ITM": 677152, "תחום שיפוט": "כפר סבא"}}, {"type": "Feature", "geometry": {"type": "Point", "coordinates": [35.188378, 31.785957]}, "properties": {"_id": 168, "ID": 263, "תאריך הגשת הבקשה": "2026-06-16 00:00:00", "מס' סימוכין": 2086879, "חברה": "פלאפון", "סוג  היתר": "היתר הקמה", "מספר האתר": "216767", "ישוב": "ירושלים", "כתובת + תאור": "בית הדפוס  12", "סוג המוקד": "פריסה פנימית", "X_ITM": 218001, "Y_ITM": 632625, "תחום שיפוט": "ירושלים"}}, {"type": "Feature", "geometry": {"type": "Point", "coordinates": [35.220417, 31.877719]}, "properties": {"_id": 169, "ID": 302, "תאריך הגשת הבקשה": "2026-07-16 00:00:00", "מס' סימוכין": 2087537, "חברה": "PHI (משרת את הוט ופרטנר)", "סוג  היתר": "היתר הקמה", "מספר האתר": "EA2288E", "ישוב": "ירושלים", "כתובת + תאור": "אל זקוקיא", "סוג המוקד": "גג", "X_ITM": 221034, "Y_ITM": 642800, "תחום שיפוט": "ירושלים"}}, {"type": "Feature", "geometry": {"type": "Point", "coordinates": [34.863774, 32.007467]}, "properties": {"_id": 170, "ID": 303, "תאריך הגשת הבקשה": "2026-07-16 00:00:00", "מס' סימוכין": 2087538, "חברה": "PHI (משרת את הוט ופרטנר)", "סוג  היתר": "היתר הקמה", "מספר האתר": "WI0739B", "ישוב": "לוד", "כתובת + תאור": "חברה UNI תמיימ", "סוג המוקד": "פנימי", "X_ITM": 187334, "Y_ITM": 657238, "תחום שיפוט": "נמל תעופה בן גוריון"}}, {"type": "Feature", "geometry": {"type": "Point", "coordinates": [35.31062, 32.85972]}, "properties": {"_id": 171, "ID": 19, "תאריך הגשת הבקשה": "2025-09-16 00:00:00", "מס' סימוכין": 2081943, "חברה": "PHI (משרת את הוט ופרטנר)", "סוג  היתר": "היתר הקמה", "מספר האתר": "MN4904E", "ישוב": "סכנין", "כתובת + תאור": "סכנין כביש ראשי", "סוג המוקד": "גג", "X_ITM": 229461, "Y_ITM": 751703, "תחום שיפוט": "סח'נין"}}, {"type": "Feature", "geometry": {"type": "Point", "coordinates": [34.900974, 32.187145]}, "properties": {"_id": 172, "ID": 47, "תאריך הגשת הבקשה": "2025-11-16 00:00:00", "מס' סימוכין": 2082904, "חברה": "PHI (משרת את הוט ופרטנר)", "סוג  היתר": "היתר הקמה", "מספר האתר": "WE3062F", "ישוב": "כפר סבא", "כתובת + תאור": "בגין כפר סבא", "סוג המוקד": "קרקעי", "X_ITM": 190905, "Y_ITM": 677152, "תחום שיפוט": "כפר סבא"}}, {"type": "Feature", "geometry": {"type": "Point", "coordinates": [34.578415, 31.440716]}, "properties": {"_id": 173, "ID": 48, "תאריך הגשת הבקשה": "2025-11-16 00:00:00", "מס' סימוכין": 2082916, "חברה": "סלקום", "סוג  היתר": "היתר הקמה", "מספר האתר": "23357", "ישוב": "נתיבות", "כתובת + תאור": "ליד מגרש כדורסל וספורט ציבורי בטיילת נווה שרון בנתיבות", "סוג המוקד": "תורן קרקעי", "X_ITM": 160010, "Y_ITM": 594514, "תחום שיפוט": "שדות נגב"}}, {"type": "Feature", "geometry": {"type": "Point", "coordinates": [35.469017, 32.849811]}, "properties": {"_id": 174, "ID": 60, "תאריך הגשת הבקשה": "2025-12-16 00:00:00", "מס' סימוכין": 2083583, "חברה": "PHI (משרת את הוט ופרטנר)", "סוג  היתר": "היתר הקמה", "מספר האתר": "NN4674C", "ישוב": "רביד", "כתובת + תאור": "ליד הלולים", "סוג המוקד": "קרקעי", "X_ITM": 244290, "Y_ITM": 750630, "תחום שיפוט": "חסר מעמד"}}, {"type": "Feature", "geometry": {"type": "Point", "coordinates": [34.788994, 32.074852]}, "properties": {"_id": 175, "ID": 61, "תאריך הגשת הבקשה": "2025-12-16 00:00:00", "מס' סימוכין": 2083586, "חברה": "PHI (משרת את הוט ופרטנר)", "סוג  היתר": "היתר הקמה", "מספר האתר": "WI0858D", "ישוב": "תל אביב-יפו", "כתובת + תאור": "משרד הביטחון קיריה 2", "סוג המוקד": "פנימי", "X_ITM": 180297, "Y_ITM": 664735, "תחום שיפוט": "תל אביב יפו"}}, {"type": "Feature", "geometry": {"type": "Point", "coordinates": [35.264395, 32.720853]}, "properties": {"_id": 176, "ID": 62, "תאריך הגשת הבקשה": "2025-12-16 00:00:00", "מס' סימוכין": 2083582, "חברה": "PHI (משרת את הוט ופרטנר)", "סוג  היתר": "היתר הקמה", "מספר האתר": "NE4154H", "ישוב": "עילוט", "כתובת + תאור": "איצטדיון עילוט", "סוג המוקד": "גג", "X_ITM": 225143, "Y_ITM": 736299, "תחום שיפוט": "עילוט"}}, {"type": "Feature", "geometry": {"type": "Point", "coordinates": [35.539291, 32.751565]}, "properties": {"_id": 177, "ID": 110, "תאריך הגשת הבקשה": "2026-02-17 00:00:00", "מס' סימוכין": 2084777, "חברה": "PHI (משרת את הוט ופרטנר)", "סוג  היתר": "היתר הקמה", "מספר האתר": "IN4763A", "ישוב": "טבריה", "כתובת + תאור": "בית חולים פוריה   טבריה", "סוג המוקד": "פנימי", "X_ITM": 250903, "Y_ITM": 739753, "תחום שיפוט": "בית חולים פורייה"}}, {"type": "Feature", "geometry": {"type": "Point", "coordinates": [34.778317, 32.072644]}, "properties": {"_id": 178, "ID": 155, "תאריך הגשת הבקשה": "2026-03-17 00:00:00", "מס' סימוכין": 2085243, "חברה": "PHI (משרת את הוט ופרטנר)", "סוג  היתר": "היתר הקמה", "מספר האתר": "WI0227B", "ישוב": "תל אביב-יפו", "כתובת + תאור": "תיאטרון הבימה + חניון התזמורת", "סוג המוקד": "פנימי", "X_ITM": 179288, "Y_ITM": 664494, "תחום שיפוט": "תל אביב יפו"}}, {"type": "Feature", "geometry": {"type": "Point", "coordinates": [35.45082, 31.800501]}, "properties": {"_id": 179, "ID": 206, "תאריך הגשת הבקשה": "2026-05-17 00:00:00", "מס' סימוכין": 2086249, "חברה": "PHI (משרת את הוט ופרטנר)", "סוג  היתר": "היתר הקמה", "מספר האתר": "EA2019B", "ישוב": "ירושלים", "כתובת + תאור": "צומת אלמוג", "סוג המוקד": "קרקעי", "X_ITM": 242854, "Y_ITM": 634264, "תחום שיפוט": "מגילות ים המלח"}}, {"type": "Feature", "geometry": {"type": "Point", "coordinates": [35.154187, 31.811181]}, "properties": {"_id": 180, "ID": 207, "תאריך הגשת הבקשה": "2026-05-17 00:00:00", "מס' סימוכין": 2086250, "חברה": "PHI (משרת את הוט ופרטנר)", "סוג  היתר": "היתר הקמה", "מספר האתר": "EA2280E", "ישוב": "מבשרת ציון", "כתובת + תאור": "יד אסא מבשרת ציון", "סוג המוקד": "קרקעי", "X_ITM": 214764, "Y_ITM": 635423, "תחום שיפוט": "מטה בנימין"}}, {"type": "Feature", "geometry": {"type": "Point", "coordinates": [34.8402, 32.02726]}, "properties": {"_id": 181, "ID": 20, "תאריך הגשת הבקשה": "2025-09-17 00:00:00", "מס' סימוכין": 2081978, "חברה": "סלקום", "סוג  היתר": "היתר הקמה", "מספר האתר": "23001", "ישוב": "אור יהודה", "כתובת + תאור": "שרה אהרונסון  2   אור יהודה", "סוג המוקד": "תורן קרקעי", "X_ITM": 185114, "Y_ITM": 659440, "תחום שיפוט": "אור יהודה"}}, {"type": "Feature", "geometry": {"type": "Point", "coordinates": [35.134419, 32.610189]}, "properties": {"_id": 182, "ID": 84, "תאריך הגשת הבקשה": "2026-01-18 00:00:00", "מס' סימוכין": 2084193, "חברה": "PHI (משרת את הוט ופרטנר)", "סוג  היתר": "היתר הקמה", "מספר האתר": "NE1798A", "ישוב": "משמר העמק", "כתובת + תאור": "משמר העמק לולים", "סוג המוקד": "קרקעי", "X_ITM": 212950, "Y_ITM": 724027, "תחום שיפוט": "מגידו"}}, {"type": "Feature", "geometry": {"type": "Point", "coordinates": [34.749309, 32.017064]}, "properties": {"_id": 183, "ID": 85, "תאריך הגשת הבקשה": "2026-01-18 00:00:00", "מס' סימוכין": 2084196, "חברה": "PHI (משרת את הוט ופרטנר)", "סוג  היתר": "היתר הקמה", "מספר האתר": "WE3281K", "ישוב": "בת ים", "כתובת + תאור": "דניאל 87", "סוג המוקד": "גג", "X_ITM": 176523, "Y_ITM": 658342, "תחום שיפוט": "בת ים"}}, {"type": "Feature", "geometry": {"type": "Point", "coordinates": [35.202272, 31.7864]}, "properties": {"_id": 184, "ID": 111, "תאריך הגשת הבקשה": "2026-02-18 00:00:00", "מס' סימוכין": 2084783, "חברה": "PHI (משרת את הוט ופרטנר)", "סוג  היתר": "היתר הקמה", "מספר האתר": "EA2306C", "ישוב": "ירושלים", "כתובת + תאור": "בנייני האומה", "סוג המוקד": "גג", "X_ITM": 219317, "Y_ITM": 632674, "תחום שיפוט": "ירושלים"}}, {"type": "Feature", "geometry": {"type": "Point", "coordinates": [35.227318, 31.750071]}, "properties": {"_id": 185, "ID": 112, "תאריך הגשת הבקשה": "2026-02-18 00:00:00", "מס' סימוכין": 2084793, "חברה": "פלאפון", "סוג  היתר": "היתר הקמה", "מספר האתר": "216785", "ישוב": "ירושלים", "כתובת + תאור": "רב חובל פינת אדם", "סוג המוקד": "תורן קרקעי", "X_ITM": 221690, "Y_ITM": 628646, "תחום שיפוט": "ירושלים"}}, {"type": "Feature", "geometry": {"type": "Point", "coordinates": [34.748304, 31.995535]}, "properties": {"_id": 186, "ID": 156, "תאריך הגשת הבקשה": "2026-03-18 00:00:00", "מס' סימוכין": 2085252, "חברה": "PHI (משרת את הוט ופרטנר)", "סוג  היתר": "היתר הקמה", "מספר האתר": "WI0755B", "ישוב": "ראשון לציון", "כתובת + תאור": "אסותא ראשון לציון", "סוג המוקד": "פנימי", "X_ITM": 176418, "Y_ITM": 655955, "תחום שיפוט": "בת ים"}}, {"type": "Feature", "geometry": {"type": "Point", "coordinates": [34.748094, 31.995272]}, "properties": {"_id": 187, "ID": 157, "תאריך הגשת הבקשה": "2026-03-18 00:00:00", "מס' סימוכין": 2085259, "חברה": "פלאפון", "סוג  היתר": "היתר הקמה", "מספר האתר": "361096", "ישוב": "ראשון לציון", "כתובת + תאור": "פאול גרונינגר 2", "סוג המוקד": "פריסה פנימית", "X_ITM": 176398, "Y_ITM": 655926, "תחום שיפוט": "בת ים"}}, {"type": "Feature", "geometry": {"type": "Point", "coordinates": [35.262067, 31.757365]}, "properties": {"_id": 188, "ID": 159, "תאריך הגשת הבקשה": "2026-03-18 00:00:00", "מס' סימוכין": 2085255, "חברה": "פלאפון", "סוג  היתר": "היתר הקמה", "מספר האתר": "212313", "ישוב": "ירושלים", "כתובת + תאור": "שכונת אבו דיס מזרח ירושלים", "סוג המוקד": "עוקצים", "X_ITM": 224982, "Y_ITM": 629456, "תחום שיפוט": "גוש עציון"}}, {"type": "Feature", "geometry": {"type": "Point", "coordinates": [34.748094, 31.995272]}, "properties": {"_id": 189, "ID": 160, "תאריך הגשת הבקשה": "2026-03-18 00:00:00", "מס' סימוכין": 2085280, "חברה": "סלקום", "סוג  היתר": "היתר הקמה", "מספר האתר": "24133", "ישוב": "ראשון לציון", "כתובת + תאור": "בית חולים אסותא פאול גרונינגר  2 ראשון לציון", "סוג המוקד": "אתר זעיר פנימי", "X_ITM": 176398, "Y_ITM": 655926, "תחום שיפוט": "בת ים"}}, {"type": "Feature", "geometry": {"type": "Point", "coordinates": [34.98064, 32.175606]}, "properties": {"_id": 190, "ID": 161, "תאריך הגשת הבקשה": "2026-03-18 00:00:00", "מס' סימוכין": 2085266, "חברה": "פלאפון", "סוג  היתר": "היתר הקמה", "מספר האתר": "935925", "ישוב": "אלפי מנשה", "כתובת + תאור": "אלפי מנשה", "סוג המוקד": "תורן קרקעי", "X_ITM": 198415, "Y_ITM": 675854, "תחום שיפוט": "שטח ללא שיפוט"}}, {"type": "Feature", "geometry": {"type": "Point", "coordinates": [34.953334, 32.153768]}, "properties": {"_id": 191, "ID": 208, "תאריך הגשת הבקשה": "2026-05-18 00:00:00", "מס' סימוכין": 2086308, "חברה": "פלאפון", "סוג  היתר": "היתר הקמה", "מספר האתר": "935917", "ישוב": "גלגוליה", "כתובת + תאור": "עומר אבן אל ח'טאב 43", "סוג המוקד": "עוקצים", "X_ITM": 195834, "Y_ITM": 673438, "תחום שיפוט": "ג'לג'וליה"}}, {"type": "Feature", "geometry": {"type": "Point", "coordinates": [35.14366, 32.430134]}, "properties": {"_id": 192, "ID": 209, "תאריך הגשת הבקשה": "2026-05-18 00:00:00", "מס' סימוכין": 2086286, "חברה": "פלאפון", "סוג  היתר": "היתר הקמה", "מספר האתר": "110023", "ישוב": "שומרון", "כתובת + תאור": "דרומית לצומת עמק דותן סמוך לכביש 585", "סוג המוקד": "תורן קרקעי", "X_ITM": 213806, "Y_ITM": 704059, "תחום שיפוט": "שומרון"}}, {"type": "Feature", "geometry": {"type": "Point", "coordinates": [35.456559, 31.716564]}, "properties": {"_id": 193, "ID": 210, "תאריך הגשת הבקשה": "2026-05-18 00:00:00", "מס' סימוכין": 2086291, "חברה": "פלאפון", "סוג  היתר": "היתר הקמה", "מספר האתר": "150608", "ישוב": "מגילות", "כתובת + תאור": "בין ישוב קליה לישוב אבנת בצד המזרחי", "סוג המוקד": "תורן קרקעי", "X_ITM": 243419, "Y_ITM": 624958, "תחום שיפוט": "מגילות ים המלח"}}, {"type": "Feature", "geometry": {"type": "Point", "coordinates": [34.995393, 32.275621]}, "properties": {"_id": 194, "ID": 211, "תאריך הגשת הבקשה": "2026-05-18 00:00:00", "מס' סימוכין": 2086304, "חברה": "פלאפון", "סוג  היתר": "היתר הקמה", "מספר האתר": "924975", "ישוב": "טייבה", "כתובת + תאור": "תחנת רכבת טייבה מסילה מזרחית", "סוג המוקד": "תורן קרקעי", "X_ITM": 199828, "Y_ITM": 686942, "תחום שיפוט": "טייבה"}}, {"type": "Feature", "geometry": {"type": "Point", "coordinates": [34.853708, 32.132393]}, "properties": {"_id": 195, "ID": 212, "תאריך הגשת הבקשה": "2026-05-18 00:00:00", "מס' סימוכין": 2086306, "חברה": "פלאפון", "סוג  היתר": "היתר הקמה", "מספר האתר": "930639", "ישוב": "רמת השרון", "כתובת + תאור": "רח' יהודה הנשיא", "סוג המוקד": "עוקצים", "X_ITM": 186428, "Y_ITM": 671094, "תחום שיפוט": "רמת השרון"}}, {"type": "Feature", "geometry": {"type": "Point", "coordinates": [35.120424, 31.880497]}, "properties": {"_id": 196, "ID": 213, "תאריך הגשת הבקשה": "2026-05-18 00:00:00", "מס' סימוכין": 2086288, "חברה": "פלאפון", "סוג  היתר": "היתר הקמה", "מספר האתר": "131870", "ישוב": "בנימין", "כתובת + תאור": "בית חורון מערב", "סוג המוקד": "תורן קרקעי", "X_ITM": 211573, "Y_ITM": 643111, "תחום שיפוט": "מטה בנימין"}}, {"type": "Feature", "geometry": {"type": "Point", "coordinates": [35.527373, 31.841147]}, "properties": {"_id": 197, "ID": 214, "תאריך הגשת הבקשה": "2026-05-18 00:00:00", "מס' סימוכין": 2086290, "חברה": "פלאפון", "סוג  היתר": "היתר הקמה", "מספר האתר": "142662", "ישוב": "מגילות", "כתובת + תאור": "צפונית מזרחית לישוב בית חוגלה", "סוג המוקד": "תורן קרקעי", "X_ITM": 250090, "Y_ITM": 638790, "תחום שיפוט": "ערבות הירדן"}}, {"type": "Feature", "geometry": {"type": "Point", "coordinates": [34.972651, 32.223468]}, "properties": {"_id": 198, "ID": 215, "תאריך הגשת הבקשה": "2026-05-18 00:00:00", "מס' סימוכין": 2086307, "חברה": "פלאפון", "סוג  היתר": "היתר הקמה", "מספר האתר": "935756", "ישוב": "טירה", "כתובת + תאור": "תחהת רכבת טירה מסילה מזרחית", "סוג המוקד": "תורן קרקעי", "X_ITM": 197673, "Y_ITM": 681163, "תחום שיפוט": "טירה"}}, {"type": "Feature", "geometry": {"type": "Point", "coordinates": [34.740251, 31.976522]}, "properties": {"_id": 199, "ID": 216, "תאריך הגשת הבקשה": "2026-05-18 00:00:00", "מס' סימוכין": 2086268, "חברה": "PHI (משרת את הוט ופרטנר)", "סוג  היתר": "היתר הקמה", "מספר האתר": "COW6012", "ישוב": "ראשון לציון", "כתובת + תאור": "לייב פארק ראשון לציון", "סוג המוקד": "קרקעי", "X_ITM": 175648, "Y_ITM": 653850, "תחום שיפוט": "ראשון לציון"}}, {"type": "Feature", "geometry": {"type": "Point", "coordinates": [34.638477, 31.782319]}, "properties": {"_id": 200, "ID": 265, "תאריך הגשת הבקשה": "2026-06-18 00:00:00", "מס' סימוכין": 2086987, "חברה": "PHI (משרת את הוט ופרטנר)", "סוג  היתר": "היתר הקמה", "מספר האתר": "SO5919B", "ישוב": "אשדוד", "כתובת + תאור": "אשדוד ניסן", "סוג המוקד": "גג", "X_ITM": 165916, "Y_ITM": 632361, "תחום שיפוט": "אשדוד"}}, {"type": "Feature", "geometry": {"type": "Point", "coordinates": [35.082185, 32.851113]}, "properties": {"_id": 201, "ID": 266, "תאריך הגשת הבקשה": "2026-06-18 00:00:00", "מס' סימוכין": 2086984, "חברה": "PHI (משרת את הוט ופרטנר)", "סוג  היתר": "היתר הקמה", "מספר האתר": "NC4105G", "ישוב": "קרית ים", "כתובת + תאור": "אזור תעשיה קרית ים", "סוג המוקד": "קרקעי", "X_ITM": 208078, "Y_ITM": 750750, "תחום שיפוט": "קרית ים"}}, {"type": "Feature", "geometry": {"type": "Point", "coordinates": [35.418777, 32.88033]}, "properties": {"_id": 202, "ID": 49, "תאריך הגשת הבקשה": "2025-11-18 00:00:00", "מס' סימוכין": 2082976, "חברה": "פלאפון", "סוג  היתר": "היתר הקמה", "מספר האתר": "631149", "ישוב": "מעאר", "כתובת + תאור": "מע'אר בניין המועצה החדש", "סוג המוקד": "תורן על מבנה", "X_ITM": 239580, "Y_ITM": 754004, "תחום שיפוט": "מגאר"}}, {"type": "Feature", "geometry": {"type": "Point", "coordinates": [34.853792, 32.099424]}, "properties": {"_id": 203, "ID": 86, "תאריך הגשת הבקשה": "2026-01-19 00:00:00", "מס' סימוכין": 2084207, "חברה": "פלאפון", "סוג  היתר": "היתר הקמה", "מספר האתר": "354472", "ישוב": "פתח תקווה", "כתובת + תאור": "הפסגות 9", "סוג המוקד": "פריסה פנימית", "X_ITM": 186424, "Y_ITM": 667438, "תחום שיפוט": "פתח תקווה"}}, {"type": "Feature", "geometry": {"type": "Point", "coordinates": [35.339375, 31.817857]}, "properties": {"_id": 204, "ID": 87, "תאריך הגשת הבקשה": "2026-01-19 00:00:00", "מס' סימוכין": 2084205, "חברה": "פלאפון", "סוג  היתר": "היתר הקמה", "מספר האתר": "216877", "ישוב": "מטה בנימין", "כתובת + תאור": "כפר אדומים", "סוג המוקד": "תורן קרקעי", "X_ITM": 232298, "Y_ITM": 636170, "תחום שיפוט": "מטה בנימין"}}, {"type": "Feature", "geometry": {"type": "Point", "coordinates": [35.111861, 33.025721]}, "properties": {"_id": 205, "ID": 113, "תאריך הגשת הבקשה": "2026-02-19 00:00:00", "מס' סימוכין": 2084812, "חברה": "PHI (משרת את הוט ופרטנר)", "סוג  היתר": "היתר הקמה", "מספר האתר": "NC0603F", "ישוב": "סער", "כתובת + תאור": "קבוץ סער שתפ פלאפון", "סוג המוקד": "קרקעי", "X_ITM": 210873, "Y_ITM": 770112, "תחום שיפוט": "נהריה"}}, {"type": "Feature", "geometry": {"type": "Point", "coordinates": [35.263174, 32.745083]}, "properties": {"_id": 206, "ID": 178, "תאריך הגשת הבקשה": "2026-04-19 00:00:00", "מס' סימוכין": 2085678, "חברה": "PHI (משרת את הוט ופרטנר)", "סוג  היתר": "היתר הקמה", "מספר האתר": "COW4444", "ישוב": "ציפורי", "כתובת + תאור": "ציפורי", "סוג המוקד": "קרקעי", "X_ITM": 225027, "Y_ITM": 738986, "תחום שיפוט": "עמק יזרעאל"}}, {"type": "Feature", "geometry": {"type": "Point", "coordinates": [34.824782, 32.100296]}, "properties": {"_id": 207, "ID": 217, "תאריך הגשת הבקשה": "2026-05-19 00:00:00", "מס' סימוכין": 2086353, "חברה": "PHI (משרת את הוט ופרטנר)", "סוג  היתר": "היתר הקמה", "מספר האתר": "COW6009", "ישוב": "רמת גן", "כתובת + תאור": "אצטדיון רמת גן", "סוג המוקד": "קרקעי", "X_ITM": 183686, "Y_ITM": 667544, "תחום שיפוט": "רמת גן"}}, {"type": "Feature", "geometry": {"type": "Point", "coordinates": [35.448111, 32.507698]}, "properties": {"_id": 208, "ID": 218, "תאריך הגשת הבקשה": "2026-05-19 00:00:00", "מס' סימוכין": 2086351, "חברה": "PHI (משרת את הוט ופרטנר)", "סוג  היתר": "היתר הקמה", "מספר האתר": "NE4462B", "ישוב": "ניר דוד", "כתובת + תאור": "ניר דוד", "סוג המוקד": "קרקעי", "X_ITM": 242420, "Y_ITM": 712685, "תחום שיפוט": "בקעת בית שאן"}}, {"type": "Feature", "geometry": {"type": "Point", "coordinates": [35.208776, 31.775938]}, "properties": {"_id": 209, "ID": 30, "תאריך הגשת הבקשה": "2025-10-19 00:00:00", "מס' סימוכין": 2082294, "חברה": "סלקום", "סוג  היתר": "היתר הקמה", "מספר האתר": "1782", "ישוב": "חולון", "כתובת + תאור": "קניונית מרכז וולפסון ברח' דיסקין 9 ירושלים", "סוג המוקד": "אתר זעיר פנימי", "X_ITM": 219933, "Y_ITM": 631514, "תחום שיפוט": "ירושלים"}}, {"type": "Feature", "geometry": {"type": "Point", "coordinates": [34.992172, 32.1407]}, "properties": {"_id": 210, "ID": 31, "תאריך הגשת הבקשה": "2025-10-19 00:00:00", "מס' סימוכין": 2082304, "חברה": "סלקום", "סוג  היתר": "היתר הקמה", "מספר האתר": "22979", "ישוב": "שומרון", "כתובת + תאור": "צפונית לאורנית", "סוג המוקד": "תורן קרקעי", "X_ITM": 199495, "Y_ITM": 671981, "תחום שיפוט": "שטח ללא שיפוט"}}, {"type": "Feature", "geometry": {"type": "Point", "coordinates": [34.809228, 32.078551]}, "properties": {"_id": 211, "ID": 88, "תאריך הגשת הבקשה": "2026-01-20 00:00:00", "מס' סימוכין": 2084225, "חברה": "PHI (משרת את הוט ופרטנר)", "סוג  היתר": "היתר הקמה", "מספר האתר": "WE3140I", "ישוב": "גבעתיים", "כתובת + תאור": "קניון בורוכוב גבעתיים", "סוג המוקד": "גג", "X_ITM": 182209, "Y_ITM": 665138, "תחום שיפוט": "גבעתיים"}}, {"type": "Feature", "geometry": {"type": "Point", "coordinates": [35.242121, 31.739137]}, "properties": {"_id": 212, "ID": 179, "תאריך הגשת הבקשה": "2026-04-20 00:00:00", "מס' סימוכין": 2085694, "חברה": "פלאפון", "סוג  היתר": "היתר הקמה", "מספר האתר": "216956", "ישוב": "ירושלים", "כתובת + תאור": "שכונת אום ליסון", "סוג המוקד": "עוקצים", "X_ITM": 223093, "Y_ITM": 627434, "תחום שיפוט": "ירושלים"}}, {"type": "Feature", "geometry": {"type": "Point", "coordinates": [35.253826, 31.722332]}, "properties": {"_id": 213, "ID": 180, "תאריך הגשת הבקשה": "2026-04-20 00:00:00", "מס' סימוכין": 2085690, "חברה": "פלאפון", "סוג  היתר": "היתר הקמה", "מספר האתר": "212316", "ישוב": "ירושלים", "כתובת + תאור": "רח'  ואדי אלחומס .", "סוג המוקד": "עוקצים", "X_ITM": 224203, "Y_ITM": 625571, "תחום שיפוט": "גוש עציון"}}, {"type": "Feature", "geometry": {"type": "Point", "coordinates": [34.778425, 32.072292]}, "properties": {"_id": 214, "ID": 219, "תאריך הגשת הבקשה": "2026-05-20 00:00:00", "מס' סימוכין": 2086378, "חברה": "PHI (משרת את הוט ופרטנר)", "סוג  היתר": "היתר הקמה", "מספר האתר": "COW6003", "ישוב": "תל אביב-יפו", "כתובת + תאור": "הבימה תל אביב", "סוג המוקד": "קרקעי", "X_ITM": 179298, "Y_ITM": 664455, "תחום שיפוט": "תל אביב יפו"}}, {"type": "Feature", "geometry": {"type": "Point", "coordinates": [34.907609, 32.070379]}, "properties": {"_id": 215, "ID": 220, "תאריך הגשת הבקשה": "2026-05-20 00:00:00", "מס' סימוכין": 2086385, "חברה": "PHI (משרת את הוט ופרטנר)", "סוג  היתר": "היתר הקמה", "מספר האתר": "WE3773C", "ישוב": "פתח-תקווה", "כתובת + תאור": "יהודה הנשיא 57", "סוג המוקד": "גג", "X_ITM": 191495, "Y_ITM": 664202, "תחום שיפוט": "פתח תקווה"}}, {"type": "Feature", "geometry": {"type": "Point", "coordinates": [34.90254, 31.366141]}, "properties": {"_id": 216, "ID": 221, "תאריך הגשת הבקשה": "2026-05-20 00:00:00", "מס' סימוכין": 2086398, "חברה": "פלאפון", "סוג  היתר": "היתר הקמה", "מספר האתר": "711948", "ישוב": "הר חברון", "כתובת + תאור": "סנסנה מזרחית ללהב", "סוג המוקד": "תורן קרקעי", "X_ITM": 190800, "Y_ITM": 586115, "תחום שיפוט": "הר חברון"}}, {"type": "Feature", "geometry": {"type": "Point", "coordinates": [35.214308, 31.881958]}, "properties": {"_id": 217, "ID": 222, "תאריך הגשת הבקשה": "2026-05-20 00:00:00", "מס' סימוכין": 2086393, "חברה": "פלאפון", "סוג  היתר": "היתר הקמה", "מספר האתר": "131878", "ישוב": "ירושלים", "כתובת + תאור": "אלגוהרה 5 כפר עקב", "סוג המוקד": "עוקצים", "X_ITM": 220456, "Y_ITM": 643270, "תחום שיפוט": "ירושלים"}}, {"type": "Feature", "geometry": {"type": "Point", "coordinates": [35.225814, 31.864705]}, "properties": {"_id": 218, "ID": 223, "תאריך הגשת הבקשה": "2026-05-20 00:00:00", "מס' סימוכין": 2086392, "חברה": "פלאפון", "סוג  היתר": "היתר הקמה", "מספר האתר": "131872", "ישוב": "ירושלים", "כתובת + תאור": "דרך רמאללה", "סוג המוקד": "עוקצים", "X_ITM": 221545, "Y_ITM": 641357, "תחום שיפוט": "ירושלים"}}, {"type": "Feature", "geometry": {"type": "Point", "coordinates": [35.219464, 31.868439]}, "properties": {"_id": 219, "ID": 224, "תאריך הגשת הבקשה": "2026-05-20 00:00:00", "מס' סימוכין": 2086394, "חברה": "פלאפון", "סוג  היתר": "היתר הקמה", "מספר האתר": "131880", "ישוב": "ירושלים", "כתובת + תאור": "רח' אל מטאר", "סוג המוקד": "עוקצים", "X_ITM": 220944, "Y_ITM": 641771, "תחום שיפוט": "ירושלים"}}, {"type": "Feature", "geometry": {"type": "Point", "coordinates": [34.985456, 32.832857]}, "properties": {"_id": 220, "ID": 304, "תאריך הגשת הבקשה": "2026-07-20 00:00:00", "מס' סימוכין": 2087587, "חברה": "PHI (משרת את הוט ופרטנר)", "סוג  היתר": "היתר הקמה", "מספר האתר": "IN4505A", "ישוב": "חיפה", "כתובת + תאור": "בית חולים רמבם חיפה", "סוג המוקד": "פנימי", "X_ITM": 199019, "Y_ITM": 748740, "תחום שיפוט": "חיפה"}}, {"type": "Feature", "geometry": {"type": "Point", "coordinates": [35.240227, 31.696895]}, "properties": {"_id": 221, "ID": 305, "תאריך הגשת הבקשה": "2026-07-20 00:00:00", "מס' סימוכין": 2087588, "חברה": "PHI (משרת את הוט ופרטנר)", "סוג  היתר": "היתר הקמה", "מספר האתר": "EA2212C", "ישוב": "שדמה", "כתובת + תאור": "אתר דרך שדמה", "סוג המוקד": "קרקעי", "X_ITM": 222915, "Y_ITM": 622750, "תחום שיפוט": "גוש עציון"}}, {"type": "Feature", "geometry": {"type": "Point", "coordinates": [35.227285, 31.784495]}, "properties": {"_id": 222, "ID": 32, "תאריך הגשת הבקשה": "2025-10-20 00:00:00", "מס' סימוכין": 2082346, "חברה": "פלאפון", "סוג  היתר": "היתר הקמה", "מספר האתר": "216838", "ישוב": "ירושלים", "כתובת + תאור": "בניין משרדים רח' אל אספהאני 1", "סוג המוקד": "עוקצים", "X_ITM": 221686, "Y_ITM": 632463, "תחום שיפוט": "ירושלים"}}, {"type": "Feature", "geometry": {"type": "Point", "coordinates": [35.002811, 32.266895]}, "properties": {"_id": 223, "ID": 90, "תאריך הגשת הבקשה": "2026-01-21 00:00:00", "מס' סימוכין": 2084254, "חברה": "PHI (משרת את הוט ופרטנר)", "סוג  היתר": "היתר הקמה", "מספר האתר": "NS4543C", "ישוב": "טייבה-במשולש", "כתובת + תאור": "עיריית טייבה", "סוג המוקד": "גג", "X_ITM": 200525, "Y_ITM": 685973, "תחום שיפוט": "טייבה"}}, {"type": "Feature", "geometry": {"type": "Point", "coordinates": [34.866253, 31.925968]}, "properties": {"_id": 224, "ID": 91, "תאריך הגשת הבקשה": "2026-01-21 00:00:00", "מס' סימוכין": 2084257, "חברה": "PHI (משרת את הוט ופרטנר)", "סוג  היתר": "היתר הקמה", "מספר האתר": "TS0202C", "ישוב": "רמלה", "כתובת + תאור": "שמשון הגיבור", "סוג המוקד": "קרקעי", "X_ITM": 187540, "Y_ITM": 648200, "תחום שיפוט": "רמלה"}}, {"type": "Feature", "geometry": {"type": "Point", "coordinates": [35.002811, 32.266895]}, "properties": {"_id": 225, "ID": 92, "תאריך הגשת הבקשה": "2026-01-21 00:00:00", "מס' סימוכין": 2084266, "חברה": "פלאפון", "סוג  היתר": "היתר הקמה", "מספר האתר": "925092", "ישוב": "טיבה", "כתובת + תאור": "עירית טייבה", "סוג המוקד": "תורן על הגג", "X_ITM": 200525, "Y_ITM": 685973, "תחום שיפוט": "טייבה"}}, {"type": "Feature", "geometry": {"type": "Point", "coordinates": [35.077561, 32.931917]}, "properties": {"_id": 226, "ID": 63, "תאריך הגשת הבקשה": "2025-12-21 00:00:00", "מס' סימוכין": 2083639, "חברה": "PHI (משרת את הוט ופרטנר)", "סוג  היתר": "היתר הקמה", "מספר האתר": "NC4535D", "ישוב": "עכו", "כתובת + תאור": "משה שרת עכו בזק לשעבר", "סוג המוקד": "גג", "X_ITM": 207656, "Y_ITM": 759712, "תחום שיפוט": "עכו"}}, {"type": "Feature", "geometry": {"type": "Point", "coordinates": [35.247968, 31.717951]}, "properties": {"_id": 227, "ID": 93, "תאריך הגשת הבקשה": "2026-01-22 00:00:00", "מס' סימוכין": 2084286, "חברה": "סלקום", "סוג  היתר": "היתר הקמה", "מספר האתר": "23274", "ישוב": "גוש עציון", "כתובת + תאור": "פילבוקס מזרחית לכביש 398 ומחסום מזמוריא", "סוג המוקד": "עוקץ", "X_ITM": 223648, "Y_ITM": 625085, "תחום שיפוט": "גוש עציון"}}, {"type": "Feature", "geometry": {"type": "Point", "coordinates": [35.181199, 31.739709]}, "properties": {"_id": 228, "ID": 114, "תאריך הגשת הבקשה": "2026-02-22 00:00:00", "מס' סימוכין": 2084830, "חברה": "PHI (משרת את הוט ופרטנר)", "סוג  היתר": "היתר הקמה", "מספר האתר": "EA2133G", "ישוב": "ירושלים", "כתובת + תאור": "יער גילה עמוד תאורה", "סוג המוקד": "קרקעי", "X_ITM": 217320, "Y_ITM": 627497, "תחום שיפוט": "ירושלים"}}, {"type": "Feature", "geometry": {"type": "Point", "coordinates": [34.762669, 32.016471]}, "properties": {"_id": 229, "ID": 115, "תאריך הגשת הבקשה": "2026-02-22 00:00:00", "מס' סימוכין": 2084847, "חברה": "סלקום", "סוג  היתר": "היתר הקמה", "מספר האתר": "23270", "ישוב": "חולון", "כתובת + תאור": "קדושי קהיר 26 חולון", "סוג המוקד": "עוקץ", "X_ITM": 177785, "Y_ITM": 658271, "תחום שיפוט": "חולון"}}, {"type": "Feature", "geometry": {"type": "Point", "coordinates": [35.152834, 31.641587]}, "properties": {"_id": 230, "ID": 116, "תאריך הגשת הבקשה": "2026-02-22 00:00:00", "מס' סימוכין": 2084727, "חברה": "סלקום", "סוג  היתר": "היתר הקמה", "מספר האתר": "24001", "ישוב": "גוש עציון", "כתובת + תאור": "אזור התעשייה גוש עציון מזרחית למגדל עוז", "סוג המוקד": "תורן קרקעי", "X_ITM": 214627, "Y_ITM": 616618, "תחום שיפוט": "גוש עציון"}}, {"type": "Feature", "geometry": {"type": "Point", "coordinates": [35.006347, 32.040822]}, "properties": {"_id": 231, "ID": 117, "תאריך הגשת הבקשה": "2026-02-22 00:00:00", "מס' סימוכין": 2084850, "חברה": "סלקום", "סוג  היתר": "היתר הקמה", "מספר האתר": "24204", "ישוב": "מטה בנימין", "כתובת + תאור": "בסמוך למוצב  רנתיס", "סוג המוקד": "תורן קרקעי", "X_ITM": 200812, "Y_ITM": 660903, "תחום שיפוט": "מטה בנימין"}}, {"type": "Feature", "geometry": {"type": "Point", "coordinates": [35.050733, 32.032298]}, "properties": {"_id": 232, "ID": 162, "תאריך הגשת הבקשה": "2026-03-22 00:00:00", "מס' סימוכין": 2085289, "חברה": "PHI (משרת את הוט ופרטנר)", "סוג  היתר": "היתר הקמה", "מספר האתר": "EA2344C", "ישוב": "בית אריה", "כתובת + תאור": "בית אריה בית המועצה", "סוג המוקד": "גג", "X_ITM": 205003, "Y_ITM": 659951, "תחום שיפוט": "בית אריה"}}, {"type": "Feature", "geometry": {"type": "Point", "coordinates": [35.418659, 32.880195]}, "properties": {"_id": 233, "ID": 163, "תאריך הגשת הבקשה": "2026-03-22 00:00:00", "מס' סימוכין": 2085299, "חברה": "PHI (משרת את הוט ופרטנר)", "סוג  היתר": "היתר הקמה", "מספר האתר": "NS1843F", "ישוב": "מע'אר", "כתובת + תאור": "עיריית מע'ר החדשה", "סוג המוקד": "גג", "X_ITM": 239569, "Y_ITM": 753989, "תחום שיפוט": "מגאר"}}, {"type": "Feature", "geometry": {"type": "Point", "coordinates": [34.908649, 32.16819]}, "properties": {"_id": 234, "ID": 164, "תאריך הגשת הבקשה": "2026-03-22 00:00:00", "מס' סימוכין": 2085305, "חברה": "PHI (משרת את הוט ופרטנר)", "סוג  היתר": "היתר הקמה", "מספר האתר": "WE3234D", "ישוב": "הוד השרון", "כתובת + תאור": "גשר אסירי ציון", "סוג המוקד": "קרקעי", "X_ITM": 191623, "Y_ITM": 675048, "תחום שיפוט": "הוד השרון"}}, {"type": "Feature", "geometry": {"type": "Point", "coordinates": [34.923522, 32.23437]}, "properties": {"_id": 235, "ID": 165, "תאריך הגשת הבקשה": "2026-03-22 00:00:00", "מס' סימוכין": 2085300, "חברה": "PHI (משרת את הוט ופרטנר)", "סוג  היתר": "היתר הקמה", "מספר האתר": "NS3378C", "ישוב": "משמרת", "כתובת + תאור": "תנופורט משמרת", "סוג המוקד": "קרקעי", "X_ITM": 193045, "Y_ITM": 682383, "תחום שיפוט": "לב השרון"}}, {"type": "Feature", "geometry": {"type": "Point", "coordinates": [35.117903, 32.799944]}, "properties": {"_id": 236, "ID": 166, "תאריך הגשת הבקשה": "2026-03-22 00:00:00", "מס' סימוכין": 2085293, "חברה": "PHI (משרת את הוט ופרטנר)", "סוג  היתר": "היתר הקמה", "מספר האתר": "NC4443C", "ישוב": "אושה", "כתובת + תאור": "קבוץ אושה בסמוך חניון מטרונית", "סוג המוקד": "קרקעי", "X_ITM": 211417, "Y_ITM": 745072, "תחום שיפוט": "זבולון"}}, {"type": "Feature", "geometry": {"type": "Point", "coordinates": [34.861551, 32.055816]}, "properties": {"_id": 237, "ID": 306, "תאריך הגשת הבקשה": "2026-07-22 00:00:00", "מס' סימוכין": 2087616, "חברה": "PHI (משרת את הוט ופרטנר)", "סוג  היתר": "היתר הקמה", "מספר האתר": "WE6181F", "ישוב": "קרית אונו", "כתובת + תאור": "בנין עמיגור", "סוג המוקד": "גג", "X_ITM": 187141, "Y_ITM": 662600, "תחום שיפוט": "קרית אונו"}}, {"type": "Feature", "geometry": {"type": "Point", "coordinates": [34.963583, 32.785405]}, "properties": {"_id": 238, "ID": 307, "תאריך הגשת הבקשה": "2026-07-22 00:00:00", "מס' סימוכין": 2087599, "חברה": "PHI (משרת את הוט ופרטנר)", "סוג  היתר": "היתר הקמה", "מספר האתר": "IN4918B", "ישוב": "חיפה", "כתובת + תאור": "פארק מדעי החיים חיפה", "סוג המוקד": "פנימי", "X_ITM": 196959, "Y_ITM": 743482, "תחום שיפוט": "חיפה"}}, {"type": "Feature", "geometry": {"type": "Point", "coordinates": [35.54063, 32.335801]}, "properties": {"_id": 239, "ID": 308, "תאריך הגשת הבקשה": "2026-07-22 00:00:00", "מס' סימוכין": 2087598, "חברה": "PHI (משרת את הוט ופרטנר)", "סוג  היתר": "היתר הקמה", "מספר האתר": "EA2395B", "ישוב": "שדמות מחולה", "כתובת + תאור": "שדמות מחולה", "סוג המוקד": "קרקעי", "X_ITM": 251174, "Y_ITM": 693646, "תחום שיפוט": "ערבות הירדן"}}, {"type": "Feature", "geometry": {"type": "Point", "coordinates": [35.542086, 33.231929]}, "properties": {"_id": 240, "ID": 309, "תאריך הגשת הבקשה": "2026-07-22 00:00:00", "מס' סימוכין": 2087607, "חברה": "PHI (משרת את הוט ופרטנר)", "סוג  היתר": "היתר הקמה", "מספר האתר": "NN1797A", "ישוב": "מנרה", "כתובת + תאור": "פרג", "סוג המוקד": "קרקעי", "X_ITM": 250994, "Y_ITM": 793029, "תחום שיפוט": "מבואות החרמון"}}, {"type": "Feature", "geometry": {"type": "Point", "coordinates": [34.76684, 31.651444]}, "properties": {"_id": 241, "ID": 310, "תאריך הגשת הבקשה": "2026-07-22 00:00:00", "מס' סימוכין": 2087657, "חברה": "פלאפון", "סוג  היתר": "היתר הקמה", "מספר האתר": "830330", "ישוב": "קרית גת", "כתובת + תאור": "דרומית למושב מנוחה", "סוג המוקד": "תורן קרקעי", "X_ITM": 178016, "Y_ITM": 617793, "תחום שיפוט": "לכיש"}}, {"type": "Feature", "geometry": {"type": "Point", "coordinates": [34.963625, 32.785468]}, "properties": {"_id": 242, "ID": 311, "תאריך הגשת הבקשה": "2026-07-22 00:00:00", "מס' סימוכין": 2087631, "חברה": "פלאפון", "סוג  היתר": "היתר הקמה", "מספר האתר": "420898", "ישוב": "חיפה", "כתובת + תאור": "נתיב האור 3", "סוג המוקד": "פריסה פנימית", "X_ITM": 196963, "Y_ITM": 743489, "תחום שיפוט": "חיפה"}}, {"type": "Feature", "geometry": {"type": "Point", "coordinates": [35.039987, 32.421006]}, "properties": {"_id": 243, "ID": 312, "תאריך הגשת הבקשה": "2026-07-22 00:00:00", "מס' סימוכין": 2087606, "חברה": "PHI (משרת את הוט ופרטנר)", "סוג  היתר": "היתר הקמה", "מספר האתר": "NE4065D", "ישוב": "בקה אל גרביה", "כתובת + תאור": "כללית פוקס באקה אל גרביה", "סוג המוקד": "גג", "X_ITM": 204054, "Y_ITM": 703057, "תחום שיפוט": "באקה ג'ת"}}, {"type": "Feature", "geometry": {"type": "Point", "coordinates": [35.076374, 32.589899]}, "properties": {"_id": 244, "ID": 33, "תאריך הגשת הבקשה": "2025-10-22 00:00:00", "מס' סימוכין": 2082398, "חברה": "PHI (משרת את הוט ופרטנר)", "סוג  היתר": "היתר הקמה", "מספר האתר": "NC4529D", "ישוב": "דליה", "כתובת + תאור": "זהר דליה", "סוג המוקד": "קרקעי", "X_ITM": 207499, "Y_ITM": 721782, "תחום שיפוט": "דליה"}}, {"type": "Feature", "geometry": {"type": "Point", "coordinates": [35.202047, 31.909969]}, "properties": {"_id": 245, "ID": 64, "תאריך הגשת הבקשה": "2025-12-22 00:00:00", "מס' סימוכין": 2083653, "חברה": "פלאפון", "סוג  היתר": "היתר הקמה", "מספר האתר": "160522", "ישוב": "גוש עציון", "כתובת + תאור": "צומת בין כביש 356 וכביש 3157 מערבית לישוב תקוע", "סוג המוקד": "תורן קרקעי", "X_ITM": 219296, "Y_ITM": 646376, "תחום שיפוט": "מטה בנימין"}}, {"type": "Feature", "geometry": {"type": "Point", "coordinates": [35.54063, 32.335801]}, "properties": {"_id": 246, "ID": 118, "תאריך הגשת הבקשה": "2026-02-23 00:00:00", "מס' סימוכין": 2084863, "חברה": "פלאפון", "סוג  היתר": "היתר הקמה", "מספר האתר": "141030", "ישוב": "בקעת הירדן", "כתובת + תאור": "שדמות מחולה", "סוג המוקד": "תורן קרקעי", "X_ITM": 251174, "Y_ITM": 693646, "תחום שיפוט": "ערבות הירדן"}}, {"type": "Feature", "geometry": {"type": "Point", "coordinates": [34.801124, 32.124751]}, "properties": {"_id": 247, "ID": 119, "תאריך הגשת הבקשה": "2026-02-23 00:00:00", "מס' סימוכין": 2084857, "חברה": "PHI (משרת את הוט ופרטנר)", "סוג  היתר": "היתר הקמה", "מספר האתר": "WE3638F", "ישוב": "תל אביב-יפו", "כתובת + תאור": "מרכז שוסטר", "סוג המוקד": "גג", "X_ITM": 181463, "Y_ITM": 670264, "תחום שיפוט": "תל אביב יפו"}}, {"type": "Feature", "geometry": {"type": "Point", "coordinates": [34.801124, 32.124751]}, "properties": {"_id": 248, "ID": 120, "תאריך הגשת הבקשה": "2026-02-23 00:00:00", "מס' סימוכין": 2084865, "חברה": "פלאפון", "סוג  היתר": "היתר הקמה", "מספר האתר": "314157", "ישוב": "תל אביב יפו", "כתובת + תאור": "רחוב אבא אחימאיר 1", "סוג המוקד": "עוקצים", "X_ITM": 181463, "Y_ITM": 670264, "תחום שיפוט": "תל אביב יפו"}}, {"type": "Feature", "geometry": {"type": "Point", "coordinates": [34.778425, 32.072292]}, "properties": {"_id": 249, "ID": 167, "תאריך הגשת הבקשה": "2026-03-23 00:00:00", "מס' סימוכין": 2085290, "חברה": "PHI (משרת את הוט ופרטנר)", "סוג  היתר": "היתר הקמה", "מספר האתר": "COW6003", "ישוב": "תל אביב-יפו", "כתובת + תאור": "הבימה תל אביב", "סוג המוקד": "קרקעי", "X_ITM": 179298, "Y_ITM": 664455, "תחום שיפוט": "תל אביב יפו"}}, {"type": "Feature", "geometry": {"type": "Point", "coordinates": [35.10434, 31.692027]}, "properties": {"_id": 250, "ID": 168, "תאריך הגשת הבקשה": "2026-03-23 00:00:00", "מס' סימוכין": 2085335, "חברה": "פלאפון", "סוג  היתר": "היתר הקמה", "מספר האתר": "216901", "ישוב": "ביתר עילית", "כתובת + תאור": "הרב רפול", "סוג המוקד": "תורן קרקעי", "X_ITM": 210032, "Y_ITM": 622214, "תחום שיפוט": "ביתר עילית"}}, {"type": "Feature", "geometry": {"type": "Point", "coordinates": [34.713673, 31.863425]}, "properties": {"_id": 251, "ID": 169, "תאריך הגשת הבקשה": "2026-03-23 00:00:00", "מס' סימוכין": 2085346, "חברה": "פלאפון", "סוג  היתר": "היתר הקמה", "מספר האתר": "824336", "ישוב": "יבנה", "כתובת + תאור": "כביש 4", "סוג המוקד": "תורן קרקעי", "X_ITM": 173079, "Y_ITM": 641320, "תחום שיפוט": "חבל יבנה"}}, {"type": "Feature", "geometry": {"type": "Point", "coordinates": [34.788019, 31.595131]}, "properties": {"_id": 252, "ID": 181, "תאריך הגשת הבקשה": "2026-04-23 00:00:00", "מס' סימוכין": 2085494, "חברה": "סלקום", "סוג  היתר": "היתר הקמה", "מספר האתר": "23178", "ישוב": "קריית גת", "כתובת + תאור": "הופמן  LC21 אינטל קרית גת", "סוג המוקד": "אתר זעיר פנימי", "X_ITM": 180001, "Y_ITM": 611541, "תחום שיפוט": "קרית גת"}}, {"type": "Feature", "geometry": {"type": "Point", "coordinates": [34.778317, 32.072644]}, "properties": {"_id": 253, "ID": 182, "תאריך הגשת הבקשה": "2026-04-23 00:00:00", "מס' סימוכין": 2085687, "חברה": "PHI (משרת את הוט ופרטנר)", "סוג  היתר": "היתר הקמה", "מספר האתר": "WI0227B", "ישוב": "תל אביב-יפו", "כתובת + תאור": "תיאטרון הבימה + חניון התזמורת", "סוג המוקד": "פנימי", "X_ITM": 179288, "Y_ITM": 664494, "תחום שיפוט": "תל אביב יפו"}}, {"type": "Feature", "geometry": {"type": "Point", "coordinates": [34.873453, 31.864248]}, "properties": {"_id": 254, "ID": 183, "תאריך הגשת הבקשה": "2026-04-23 00:00:00", "מס' סימוכין": 2085733, "חברה": "PHI (משרת את הוט ופרטנר)", "סוג  היתר": "היתר הקמה", "מספר האתר": "WE3183C", "ישוב": "גזר", "כתובת + תאור": "גזר", "סוג המוקד": "קרקעי", "X_ITM": 188200, "Y_ITM": 641354, "תחום שיפוט": "גזר"}}, {"type": "Feature", "geometry": {"type": "Point", "coordinates": [34.794226, 31.803297]}, "properties": {"_id": 255, "ID": 184, "תאריך הגשת הבקשה": "2026-04-23 00:00:00", "מס' סימוכין": 2085732, "חברה": "PHI (משרת את הוט ופרטנר)", "סוג  היתר": "היתר הקמה", "מספר האתר": "SO5617D", "ישוב": "קדרון", "כתובת + תאור": "גדרה מזרח", "סוג המוקד": "קרקעי", "X_ITM": 180677, "Y_ITM": 634621, "תחום שיפוט": "קדרון"}}, {"type": "Feature", "geometry": {"type": "Point", "coordinates": [34.955404, 32.04736]}, "properties": {"_id": 256, "ID": 267, "תאריך הגשת הבקשה": "2026-06-23 00:00:00", "מס' סימוכין": 2087026, "חברה": "PHI (משרת את הוט ופרטנר)", "סוג  היתר": "היתר הקמה", "מספר האתר": "WE0822C", "ישוב": "אלעד", "כתובת + תאור": "בן זכאי 34", "סוג המוקד": "גג", "X_ITM": 196002, "Y_ITM": 661638, "תחום שיפוט": "אלעד"}}, {"type": "Feature", "geometry": {"type": "Point", "coordinates": [34.891986, 32.033422]}, "properties": {"_id": 257, "ID": 313, "תאריך הגשת הבקשה": "2026-07-23 00:00:00", "מס' סימוכין": 2087630, "חברה": "פלאפון", "סוג  היתר": "היתר הקמה", "מספר האתר": "354435", "ישוב": "יהוד", "כתובת + תאור": "ויצמן 55 יהוד", "סוג המוקד": "עוקצים", "X_ITM": 190008, "Y_ITM": 660108, "תחום שיפוט": "יהוד מונוסון"}}, {"type": "Feature", "geometry": {"type": "Point", "coordinates": [34.98057, 31.956522]}, "properties": {"_id": 258, "ID": 50, "תאריך הגשת הבקשה": "2025-11-23 00:00:00", "מס' סימוכין": 2083083, "חברה": "סלקום", "סוג  היתר": "היתר הקמה", "מספר האתר": "23921", "ישוב": "חבל מודיעין", "כתובת + תאור": "בסמוך למטווחים במתקן אדם", "סוג המוקד": "עוקץ", "X_ITM": 198358, "Y_ITM": 651560, "תחום שיפוט": "חבל מודיעין"}}, {"type": "Feature", "geometry": {"type": "Point", "coordinates": [34.89265, 32.400817]}, "properties": {"_id": 259, "ID": 65, "תאריך הגשת הבקשה": "2025-12-23 00:00:00", "מס' סימוכין": 2083728, "חברה": "פלאפון", "סוג  היתר": "היתר הקמה", "מספר האתר": "925036", "ישוב": "עמק חפר", "כתובת + תאור": "החריש 28", "סוג המוקד": "פריסה פנימית", "X_ITM": 190189, "Y_ITM": 700849, "תחום שיפוט": "מפעלי חפר"}}, {"type": "Feature", "geometry": {"type": "Point", "coordinates": [34.797494, 32.020862]}, "properties": {"_id": 260, "ID": 268, "תאריך הגשת הבקשה": "2026-06-24 00:00:00", "מס' סימוכין": 2087060, "חברה": "סלקום", "סוג  היתר": "היתר הקמה", "מספר האתר": "24238", "ישוב": "חולון", "כתובת + תאור": "הפלד  24 חולון", "סוג המוקד": "עוקץ", "X_ITM": 181077, "Y_ITM": 658745, "תחום שיפוט": "חולון"}}, {"type": "Feature", "geometry": {"type": "Point", "coordinates": [35.002811, 32.266895]}, "properties": {"_id": 261, "ID": 269, "תאריך הגשת הבקשה": "2026-06-24 00:00:00", "מס' סימוכין": 2087041, "חברה": "PHI (משרת את הוט ופרטנר)", "סוג  היתר": "היתר הקמה", "מספר האתר": "NS4543C", "ישוב": "טייבה-במשולש", "כתובת + תאור": "עיריית טייבה", "סוג המוקד": "גג", "X_ITM": 200525, "Y_ITM": 685973, "תחום שיפוט": "טייבה"}}, {"type": "Feature", "geometry": {"type": "Point", "coordinates": [34.835409, 31.954984]}, "properties": {"_id": 262, "ID": 4, "תאריך הגשת הבקשה": "2025-08-24 00:00:00", "מס' סימוכין": 2081480, "חברה": "PHI (משרת את הוט ופרטנר)", "סוג  היתר": "היתר הקמה", "מספר האתר": "WE3555C", "ישוב": "ראשון לציון", "כתובת + תאור": "מגדל מים ראשון מזרח", "סוג המוקד": "גג", "X_ITM": 184634, "Y_ITM": 651427, "תחום שיפוט": "חסר מעמד"}}, {"type": "Feature", "geometry": {"type": "Point", "coordinates": [34.984476, 32.088328]}, "properties": {"_id": 263, "ID": 66, "תאריך הגשת הבקשה": "2025-12-24 00:00:00", "מס' סימוכין": 2083759, "חברה": "פלאפון", "סוג  היתר": "היתר הקמה", "מספר האתר": "354114", "ישוב": "ראש העין", "כתובת + תאור": "ליד מסוף אוטובוסים בשכונת פסגות אפק ראש העין", "סוג המוקד": "תורן קרקעי", "X_ITM": 198757, "Y_ITM": 666175, "תחום שיפוט": "ראש העין"}}, {"type": "Feature", "geometry": {"type": "Point", "coordinates": [35.149242, 32.74283]}, "properties": {"_id": 264, "ID": 94, "תאריך הגשת הבקשה": "2026-01-25 00:00:00", "מס' סימוכין": 2084300, "חברה": "PHI (משרת את הוט ופרטנר)", "סוג  היתר": "היתר הקמה", "מספר האתר": "NO4168C", "ישוב": "קרית טבעון", "כתובת + תאור": "חילף", "סוג המוקד": "קרקעי", "X_ITM": 214349, "Y_ITM": 738736, "תחום שיפוט": "קרית טבעון"}}, {"type": "Feature", "geometry": {"type": "Point", "coordinates": [35.000115, 32.261967]}, "properties": {"_id": 265, "ID": 121, "תאריך הגשת הבקשה": "2026-02-25 00:00:00", "מס' סימוכין": 2084930, "חברה": "PHI (משרת את הוט ופרטנר)", "סוג  היתר": "היתר הקמה", "מספר האתר": "NS3001G", "ישוב": "טייבה-במשולש", "כתובת + תאור": "טייבה בזק", "סוג המוקד": "גג", "X_ITM": 200270, "Y_ITM": 685427, "תחום שיפוט": "טייבה"}}, {"type": "Feature", "geometry": {"type": "Point", "coordinates": [34.762763, 32.067396]}, "properties": {"_id": 266, "ID": 225, "תאריך הגשת הבקשה": "2026-05-25 00:00:00", "מס' סימוכין": 2086455, "חברה": "פלאפון", "סוג  היתר": "היתר הקמה", "מספר האתר": "333054", "ישוב": "תל אביב יפו", "כתובת + תאור": "הירקון 1", "סוג המוקד": "פריסה פנימית", "X_ITM": 177817, "Y_ITM": 663918, "תחום שיפוט": "תל אביב יפו"}}, {"type": "Feature", "geometry": {"type": "Point", "coordinates": [34.90254, 31.366141]}, "properties": {"_id": 267, "ID": 226, "תאריך הגשת הבקשה": "2026-05-25 00:00:00", "מס' סימוכין": 2086441, "חברה": "PHI (משרת את הוט ופרטנר)", "סוג  היתר": "היתר הקמה", "מספר האתר": "JN1256B", "ישוב": "אשכולות", "כתובת + תאור": "סנסנה תורן צפוני", "סוג המוקד": "קרקעי", "X_ITM": 190800, "Y_ITM": 586115, "תחום שיפוט": "הר חברון"}}, {"type": "Feature", "geometry": {"type": "Point", "coordinates": [34.762669, 32.016471]}, "properties": {"_id": 268, "ID": 227, "תאריך הגשת הבקשה": "2026-05-25 00:00:00", "מס' סימוכין": 2086446, "חברה": "PHI (משרת את הוט ופרטנר)", "סוג  היתר": "היתר הקמה", "מספר האתר": "WE3283F", "ישוב": "חולון", "כתובת + תאור": "קדושי קהיר", "סוג המוקד": "גג", "X_ITM": 177785, "Y_ITM": 658271, "תחום שיפוט": "חולון"}}, {"type": "Feature", "geometry": {"type": "Point", "coordinates": [35.076374, 32.589899]}, "properties": {"_id": 269, "ID": 228, "תאריך הגשת הבקשה": "2026-05-25 00:00:00", "מס' סימוכין": 2086443, "חברה": "PHI (משרת את הוט ופרטנר)", "סוג  היתר": "היתר הקמה", "מספר האתר": "NC4529D", "ישוב": "דליה", "כתובת + תאור": "זהר דליה", "סוג המוקד": "קרקעי", "X_ITM": 207499, "Y_ITM": 721782, "תחום שיפוט": "דליה"}}, {"type": "Feature", "geometry": {"type": "Point", "coordinates": [34.749309, 32.017064]}, "properties": {"_id": 270, "ID": 270, "תאריך הגשת הבקשה": "2026-06-25 00:00:00", "מס' סימוכין": 2087088, "חברה": "פלאפון", "סוג  היתר": "היתר הקמה", "מספר האתר": "361064", "ישוב": "בת ים", "כתובת + תאור": "רחוב דניאל 87", "סוג המוקד": "עוקצים", "X_ITM": 176523, "Y_ITM": 658342, "תחום שיפוט": "בת ים"}}, {"type": "Feature", "geometry": {"type": "Point", "coordinates": [34.804952, 31.953512]}, "properties": {"_id": 271, "ID": 271, "תאריך הגשת הבקשה": "2026-06-25 00:00:00", "מס' סימוכין": 2087092, "חברה": "פלאפון", "סוג  היתר": "היתר הקמה", "מספר האתר": "811758", "ישוב": "ראשון לציון", "כתובת + תאור": "סמילנסקי 40", "סוג המוקד": "תורן על מבנה", "X_ITM": 181754, "Y_ITM": 651274, "תחום שיפוט": "ראשון לציון"}}, {"type": "Feature", "geometry": {"type": "Point", "coordinates": [35.181332, 31.75624]}, "properties": {"_id": 272, "ID": 5, "תאריך הגשת הבקשה": "2025-08-25 00:00:00", "מס' סימוכין": 2081534, "חברה": "סלקום", "סוג  היתר": "היתר הקמה", "מספר האתר": "23031", "ישוב": "ירושלים", "כתובת + תאור": "ברחוב גולומב פינת דרך קוליץ בירושלים", "סוג המוקד": "תורן קרקעי", "X_ITM": 217333, "Y_ITM": 629330, "תחום שיפוט": "ירושלים"}}, {"type": "Feature", "geometry": {"type": "Point", "coordinates": [34.905196, 32.18326]}, "properties": {"_id": 273, "ID": 51, "תאריך הגשת הבקשה": "2025-11-25 00:00:00", "מס' סימוכין": 2083165, "חברה": "פלאפון", "סוג  היתר": "היתר הקמה", "מספר האתר": "935902", "ישוב": "כפר סבא", "כתובת + תאור": "רח' סאלד 1 כפר סבא כפר נוער אונים - חברת משען", "סוג המוקד": "תורן על מבנה", "X_ITM": 191302, "Y_ITM": 676720, "תחום שיפוט": "כפר סבא"}}, {"type": "Feature", "geometry": {"type": "Point", "coordinates": [35.222288, 31.606288]}, "properties": {"_id": 274, "ID": 95, "תאריך הגשת הבקשה": "2026-01-26 00:00:00", "מס' סימוכין": 2084346, "חברה": "פלאפון", "סוג  היתר": "היתר הקמה", "מספר האתר": "160179", "ישוב": "גוש עציון", "כתובת + תאור": "איבי נחל", "סוג המוקד": "תורן קרקעי", "X_ITM": 221216, "Y_ITM": 612703, "תחום שיפוט": "גוש עציון"}}, {"type": "Feature", "geometry": {"type": "Point", "coordinates": [35.152834, 31.641587]}, "properties": {"_id": 275, "ID": 96, "תאריך הגשת הבקשה": "2026-01-26 00:00:00", "מס' סימוכין": 2084347, "חברה": "פלאפון", "סוג  היתר": "היתר הקמה", "מספר האתר": "160354", "ישוב": "גוש עציון", "כתובת + תאור": "א.ת גוש עציון", "סוג המוקד": "תורן קרקעי", "X_ITM": 214627, "Y_ITM": 616618, "תחום שיפוט": "גוש עציון"}}, {"type": "Feature", "geometry": {"type": "Point", "coordinates": [35.185086, 31.774665]}, "properties": {"_id": 276, "ID": 230, "תאריך הגשת הבקשה": "2026-05-26 00:00:00", "מס' סימוכין": 2086488, "חברה": "סלקום", "סוג  היתר": "היתר הקמה", "מספר האתר": "20432", "ישוב": "ירושלים", "כתובת + תאור": "אחוזת בית הכרם ברח` אבי זוהר 8 ירושלים", "סוג המוקד": "אתר זעיר פנימי", "X_ITM": 217689, "Y_ITM": 631373, "תחום שיפוט": "ירושלים"}}, {"type": "Feature", "geometry": {"type": "Point", "coordinates": [34.892222, 32.172668]}, "properties": {"_id": 277, "ID": 231, "תאריך הגשת הבקשה": "2026-05-26 00:00:00", "מס' סימוכין": 2086490, "חברה": "סלקום", "סוג  היתר": "היתר הקמה", "מספר האתר": "24065", "ישוב": "כפר סבא", "כתובת + תאור": "מרכז מסחרי שרונה דרך השרון 12 כפר סבא", "סוג המוקד": "אתר זעיר פנימי", "X_ITM": 190075, "Y_ITM": 675549, "תחום שיפוט": "כפר סבא"}}, {"type": "Feature", "geometry": {"type": "Point", "coordinates": [35.215986, 31.776885]}, "properties": {"_id": 278, "ID": 232, "תאריך הגשת הבקשה": "2026-05-26 00:00:00", "מס' סימוכין": 2086492, "חברה": "סלקום", "סוג  היתר": "היתר הקמה", "מספר האתר": "24143", "ישוב": "ירושלים", "כתובת + תאור": "מלון היכל שלמה (אינטרקונטיננטל ) רח' המלך ג'ורג 47 ירושלים.", "סוג המוקד": "אתר זעיר פנימי", "X_ITM": 220616, "Y_ITM": 631619, "תחום שיפוט": "ירושלים"}}, {"type": "Feature", "geometry": {"type": "Point", "coordinates": [34.807068, 32.115157]}, "properties": {"_id": 279, "ID": 314, "תאריך הגשת הבקשה": "2026-07-26 00:00:00", "מס' סימוכין": 2087710, "חברה": "PHI (משרת את הוט ופרטנר)", "סוג  היתר": "היתר הקמה", "מספר האתר": "TC0024E", "ישוב": "תל אביב-יפו", "כתובת + תאור": "הטלויזיה החינוכית", "סוג המוקד": "גג", "X_ITM": 182020, "Y_ITM": 669198, "תחום שיפוט": "תל אביב יפו"}}, {"type": "Feature", "geometry": {"type": "Point", "coordinates": [35.373323, 32.955915]}, "properties": {"_id": 280, "ID": 315, "תאריך הגשת הבקשה": "2026-07-26 00:00:00", "מס' סימוכין": 2087706, "חברה": "PHI (משרת את הוט ופרטנר)", "סוג  היתר": "היתר הקמה", "מספר האתר": "NN4149H", "ישוב": "בית ג'אן", "כתובת + תאור": "בית פרטי", "סוג המוקד": "גג", "X_ITM": 235313, "Y_ITM": 762379, "תחום שיפוט": "בית ג'ן"}}, {"type": "Feature", "geometry": {"type": "Point", "coordinates": [35.26351, 32.915124]}, "properties": {"_id": 281, "ID": 316, "תאריך הגשת הבקשה": "2026-07-26 00:00:00", "מס' סימוכין": 2087703, "חברה": "PHI (משרת את הוט ופרטנר)", "סוג  היתר": "היתר הקמה", "מספר האתר": "MN4549D", "ישוב": "מג'ד אל-כרום", "כתובת + תאור": "מג'ד אל כרום רכבת", "סוג המוקד": "קרקעי", "X_ITM": 225048, "Y_ITM": 757844, "תחום שיפוט": "שגור"}}, {"type": "Feature", "geometry": {"type": "Point", "coordinates": [35.076374, 32.589899]}, "properties": {"_id": 282, "ID": 317, "תאריך הגשת הבקשה": "2026-07-26 00:00:00", "מס' סימוכין": 2087704, "חברה": "PHI (משרת את הוט ופרטנר)", "סוג  היתר": "היתר הקמה", "מספר האתר": "NC4529D", "ישוב": "דליה", "כתובת + תאור": "זהר דליה", "סוג המוקד": "קרקעי", "X_ITM": 207499, "Y_ITM": 721782, "תחום שיפוט": "דליה"}}, {"type": "Feature", "geometry": {"type": "Point", "coordinates": [34.788367, 32.084536]}, "properties": {"_id": 283, "ID": 318, "תאריך הגשת הבקשה": "2026-07-26 00:00:00", "מס' סימוכין": 2087718, "חברה": "PHI (משרת את הוט ופרטנר)", "סוג  היתר": "היתר הקמה", "מספר האתר": "WE6294E", "ישוב": "תל אביב-יפו", "כתובת + תאור": "וייצמן 53", "סוג המוקד": "גג", "X_ITM": 180242, "Y_ITM": 665809, "תחום שיפוט": "תל אביב יפו"}}, {"type": "Feature", "geometry": {"type": "Point", "coordinates": [34.881178, 32.219515]}, "properties": {"_id": 284, "ID": 319, "תאריך הגשת הבקשה": "2026-07-26 00:00:00", "מס' סימוכין": 2087712, "חברה": "PHI (משרת את הוט ופרטנר)", "סוג  היתר": "היתר הקמה", "מספר האתר": "TN0203C", "ישוב": "בני ציון", "כתובת + תאור": "פרדס יכין חקל מול בני ציון 1", "סוג המוקד": "קרקעי", "X_ITM": 189049, "Y_ITM": 680747, "תחום שיפוט": "חוף השרון"}}, {"type": "Feature", "geometry": {"type": "Point", "coordinates": [35.017082, 32.454203]}, "properties": {"_id": 285, "ID": 320, "תאריך הגשת הבקשה": "2026-07-26 00:00:00", "מס' סימוכין": 2087707, "חברה": "PHI (משרת את הוט ופרטנר)", "סוג  היתר": "היתר הקמה", "מספר האתר": "NS4283B", "ישוב": "עין שמר", "כתובת + תאור": "מגדל מים ליד צומת  נרבתה", "סוג המוקד": "גג", "X_ITM": 201906, "Y_ITM": 706742, "תחום שיפוט": "מנשה"}}, {"type": "Feature", "geometry": {"type": "Point", "coordinates": [34.801124, 32.124751]}, "properties": {"_id": 286, "ID": 321, "תאריך הגשת הבקשה": "2026-07-26 00:00:00", "מס' סימוכין": 2087716, "חברה": "PHI (משרת את הוט ופרטנר)", "סוג  היתר": "היתר הקמה", "מספר האתר": "WE3638F", "ישוב": "תל אביב-יפו", "כתובת + תאור": "מרכז שוסטר", "סוג המוקד": "גג", "X_ITM": 181463, "Y_ITM": 670264, "תחום שיפוט": "תל אביב יפו"}}, {"type": "Feature", "geometry": {"type": "Point", "coordinates": [35.115347, 31.608874]}, "properties": {"_id": 287, "ID": 185, "תאריך הגשת הבקשה": "2026-04-27 00:00:00", "מס' סימוכין": 2085819, "חברה": "סלקום", "סוג  היתר": "היתר הקמה", "מספר האתר": "23275", "ישוב": "גוש עציון", "כתובת + תאור": "מזרחית לכביש 60 ומזרחית לכרמי צור", "סוג המוקד": "תורן קרקעי", "X_ITM": 211068, "Y_ITM": 612993, "תחום שיפוט": "גוש עציון"}}, {"type": "Feature", "geometry": {"type": "Point", "coordinates": [34.76684, 31.651444]}, "properties": {"_id": 288, "ID": 323, "תאריך הגשת הבקשה": "2026-07-27 00:00:00", "מס' סימוכין": 2087728, "חברה": "סלקום", "סוג  היתר": "היתר הקמה", "מספר האתר": "20702", "ישוב": "לכיש", "כתובת + תאור": "בסמוך לתחנת דלק גת כ-300 מטר מזרחית לצומת קוממיות על כביש 40 מנוחה", "סוג המוקד": "תורן קרקעי", "X_ITM": 178016, "Y_ITM": 617793, "תחום שיפוט": "לכיש"}}, {"type": "Feature", "geometry": {"type": "Point", "coordinates": [34.992168, 32.813103]}, "properties": {"_id": 289, "ID": 97, "תאריך הגשת הבקשה": "2026-01-28 00:00:00", "מס' סימוכין": 2084415, "חברה": "פלאפון", "סוג  היתר": "היתר הקמה", "מספר האתר": "420061", "ישוב": "חיפה", "כתובת + תאור": "רח' הרצליה 22 .", "סוג המוקד": "תורן על מבנה", "X_ITM": 199643, "Y_ITM": 746548, "תחום שיפוט": "חיפה"}}, {"type": "Feature", "geometry": {"type": "Point", "coordinates": [34.892222, 32.172668]}, "properties": {"_id": 290, "ID": 233, "תאריך הגשת הבקשה": "2026-05-28 00:00:00", "מס' סימוכין": 2086554, "חברה": "פלאפון", "סוג  היתר": "היתר הקמה", "מספר האתר": "935955", "ישוב": "כפר סבא", "כתובת + תאור": "דרך השרון 12", "סוג המוקד": "פריסה פנימית", "X_ITM": 190075, "Y_ITM": 675549, "תחום שיפוט": "כפר סבא"}}, {"type": "Feature", "geometry": {"type": "Point", "coordinates": [35.215986, 31.776885]}, "properties": {"_id": 291, "ID": 235, "תאריך הגשת הבקשה": "2026-05-28 00:00:00", "מס' סימוכין": 2086542, "חברה": "פלאפון", "סוג  היתר": "היתר הקמה", "מספר האתר": "212301", "ישוב": "לא מוגדר", "כתובת + תאור": "המלך גורגר 47", "סוג המוקד": "פריסה פנימית", "X_ITM": 220616, "Y_ITM": 631619, "תחום שיפוט": "ירושלים"}}, {"type": "Feature", "geometry": {"type": "Point", "coordinates": [35.252835, 32.70635]}, "properties": {"_id": 292, "ID": 236, "תאריך הגשת הבקשה": "2026-05-28 00:00:00", "מס' סימוכין": 2086517, "חברה": "PHI (משרת את הוט ופרטנר)", "סוג  היתר": "היתר הקמה", "מספר האתר": "RN4757B", "ישוב": "כפר החורש", "כתובת + תאור": "יער כפר החורש", "סוג המוקד": "קרקעי", "X_ITM": 224060, "Y_ITM": 734690, "תחום שיפוט": "עמק יזרעאל"}}, {"type": "Feature", "geometry": {"type": "Point", "coordinates": [35.218767, 31.87303]}, "properties": {"_id": 293, "ID": 237, "תאריך הגשת הבקשה": "2026-05-28 00:00:00", "מס' סימוכין": 2086541, "חברה": "פלאפון", "סוג  היתר": "היתר הקמה", "מספר האתר": "131879", "ישוב": "ירושלים", "כתובת + תאור": "רח' חי זר'ייר 2", "סוג המוקד": "עוקצים", "X_ITM": 220878, "Y_ITM": 642280, "תחום שיפוט": "ירושלים"}}, {"type": "Feature", "geometry": {"type": "Point", "coordinates": [35.002216, 32.381535]}, "properties": {"_id": 294, "ID": 273, "תאריך הגשת הבקשה": "2026-06-28 00:00:00", "מס' סימוכין": 2087144, "חברה": "סלקום", "סוג  היתר": "היתר הקמה", "מספר האתר": "24355", "ישוב": "מנשה", "כתובת + תאור": "תחנת רכבת אחיטוב במסילה המזרחית אחיטוב", "סוג המוקד": "תורן קרקעי", "X_ITM": 200493, "Y_ITM": 698686, "תחום שיפוט": "חסר מעמד"}}, {"type": "Feature", "geometry": {"type": "Point", "coordinates": [34.968709, 32.283437]}, "properties": {"_id": 295, "ID": 6, "תאריך הגשת הבקשה": "2025-08-28 00:00:00", "מס' סימוכין": 2081612, "חברה": "פלאפון", "סוג  היתר": "היתר הקמה", "מספר האתר": "920934", "ישוב": "קלנסווה", "כתובת + תאור": "מוואתה  2", "סוג המוקד": "תורן קרקעי", "X_ITM": 197316, "Y_ITM": 687814, "תחום שיפוט": "קלנסווה"}}, {"type": "Feature", "geometry": {"type": "Point", "coordinates": [34.813538, 32.101109]}, "properties": {"_id": 296, "ID": 21, "תאריך הגשת הבקשה": "2025-09-28 00:00:00", "מס' סימוכין": 2082062, "חברה": "סלקום", "סוג  היתר": "היתר הקמה", "מספר האתר": "1781", "ישוב": "תל אביב", "כתובת + תאור": "פארק הירקון - גני יהושע", "סוג המוקד": "תורן קרקעי", "X_ITM": 182625, "Y_ITM": 667638, "תחום שיפוט": "תל אביב יפו"}}, {"type": "Feature", "geometry": {"type": "Point", "coordinates": [34.812896, 32.005751]}, "properties": {"_id": 297, "ID": 35, "תאריך הגשת הבקשה": "2025-10-28 00:00:00", "מס' סימוכין": 2082544, "חברה": "PHI (משרת את הוט ופרטנר)", "סוג  היתר": "היתר הקמה", "מספר האתר": "WE6189C", "ישוב": "משמר השבעה", "כתובת + תאור": "מכון מטאורולוגי", "סוג המוקד": "גג", "X_ITM": 182526, "Y_ITM": 657064, "תחום שיפוט": "ראשון לציון"}}, {"type": "Feature", "geometry": {"type": "Point", "coordinates": [34.90254, 31.366141]}, "properties": {"_id": 298, "ID": 170, "תאריך הגשת הבקשה": "2026-03-29 00:00:00", "מס' סימוכין": 2085431, "חברה": "PHI (משרת את הוט ופרטנר)", "סוג  היתר": "היתר הקמה", "מספר האתר": "JN1256A", "ישוב": "אשכולות", "כתובת + תאור": "סנסנה תורן צפוני", "סוג המוקד": "קרקעי", "X_ITM": 190800, "Y_ITM": 586115, "תחום שיפוט": "הר חברון"}}, {"type": "Feature", "geometry": {"type": "Point", "coordinates": [35.439219, 32.981579]}, "properties": {"_id": 299, "ID": 188, "תאריך הגשת הבקשה": "2026-04-29 00:00:00", "מס' סימוכין": 2085877, "חברה": "סלקום", "סוג  היתר": "היתר הקמה", "מספר האתר": "20808", "ישוב": "מרום הגליל", "כתובת + תאור": "סמוך למגרש כדורסל   מושב מירון", "סוג המוקד": "תורן קרקעי", "X_ITM": 241468, "Y_ITM": 765237, "תחום שיפוט": "מירון"}}, {"type": "Feature", "geometry": {"type": "Point", "coordinates": [35.775356, 33.189008]}, "properties": {"_id": 300, "ID": 189, "תאריך הגשת הבקשה": "2026-04-29 00:00:00", "מס' סימוכין": 2085852, "חברה": "PHI (משרת את הוט ופרטנר)", "סוג  היתר": "היתר הקמה", "מספר האתר": "NN4024D", "ישוב": "אל-רום", "כתובת + תאור": "חניון פלסר 7", "סוג המוקד": "קרקעי", "X_ITM": 272763, "Y_ITM": 788363, "תחום שיפוט": "בוקעתא"}}, {"type": "Feature", "geometry": {"type": "Point", "coordinates": [34.835291, 32.079243]}, "properties": {"_id": 301, "ID": 190, "תאריך הגשת הבקשה": "2026-04-29 00:00:00", "מס' סימוכין": 2085861, "חברה": "פלאפון", "סוג  היתר": "היתר הקמה", "מספר האתר": "344119", "ישוב": "בני ברק", "כתובת + תאור": "נחמיה 13", "סוג המוקד": "עוקצים", "X_ITM": 184670, "Y_ITM": 665206, "תחום שיפוט": "בני ברק"}}, {"type": "Feature", "geometry": {"type": "Point", "coordinates": [34.80521, 32.108731]}, "properties": {"_id": 302, "ID": 324, "תאריך הגשת הבקשה": "2026-07-29 00:00:00", "מס' סימוכין": 2087745, "חברה": "פלאפון", "סוג  היתר": "היתר הקמה", "מספר האתר": "314169", "ישוב": "תל אביב יפו", "כתובת + תאור": "בניין תוכנה אוניברסיטת תא", "סוג המוקד": "עוקצים", "X_ITM": 181842, "Y_ITM": 668486, "תחום שיפוט": "תל אביב יפו"}}, {"type": "Feature", "geometry": {"type": "Point", "coordinates": [34.80521, 32.108731]}, "properties": {"_id": 303, "ID": 325, "תאריך הגשת הבקשה": "2026-07-29 00:00:00", "מס' סימוכין": 2087744, "חברה": "פלאפון", "סוג  היתר": "היתר הקמה", "מספר האתר": "314167", "ישוב": "תל אביב יפו", "כתובת + תאור": "בניין  שרמן  אוניברסיטת תא", "סוג המוקד": "עוקצים", "X_ITM": 181842, "Y_ITM": 668486, "תחום שיפוט": "תל אביב יפו"}}, {"type": "Feature", "geometry": {"type": "Point", "coordinates": [35.096208, 31.244151]}, "properties": {"_id": 304, "ID": 326, "תאריך הגשת הבקשה": "2026-07-29 00:00:00", "מס' סימוכין": 2087761, "חברה": "פלאפון", "סוג  היתר": "היתר הקמה", "מספר האתר": "730857", "ישוב": "כסייפה", "כתובת + תאור": "אל בוסתאן 15", "סוג המוקד": "תורן על מבנה", "X_ITM": 209212, "Y_ITM": 572555, "תחום שיפוט": "כסיפה"}}, {"type": "Feature", "geometry": {"type": "Point", "coordinates": [34.760729, 31.381232]}, "properties": {"_id": 305, "ID": 327, "תאריך הגשת הבקשה": "2026-07-29 00:00:00", "מס' סימוכין": 2087759, "חברה": "פלאפון", "סוג  היתר": "היתר הקמה", "מספר האתר": "711936", "ישוב": "רהט", "כתובת + תאור": "מרכז הצעירים רהט", "סוג המוקד": "תורן על מבנה", "X_ITM": 177315, "Y_ITM": 587834, "תחום שיפוט": "רהט"}}, {"type": "Feature", "geometry": {"type": "Point", "coordinates": [34.77, 32.088992]}, "properties": {"_id": 306, "ID": 328, "תאריך הגשת הבקשה": "2026-07-29 00:00:00", "מס' סימוכין": 2087787, "חברה": "סלקום", "סוג  היתר": "היתר הקמה", "מספר האתר": "150", "ישוב": "תל אביב", "כתובת + תאור": "מלון הילטון רח' הירקון גן העצמאות תל אביב", "סוג המוקד": "אתר זעיר פנימי", "X_ITM": 178510, "Y_ITM": 666310, "תחום שיפוט": "תל אביב יפו"}}, {"type": "Feature", "geometry": {"type": "Point", "coordinates": [34.744372, 31.977701]}, "properties": {"_id": 307, "ID": 22, "תאריך הגשת הבקשה": "2025-09-29 00:00:00", "מס' סימוכין": 2082083, "חברה": "סלקום", "סוג  היתר": "היתר הקמה", "מספר האתר": "22977", "ישוב": "ראשון לציון", "כתובת + תאור": "בשטח סופרלנד בראשון לציון", "סוג המוקד": "תורן קרקעי", "X_ITM": 176038, "Y_ITM": 653979, "תחום שיפוט": "ראשון לציון"}}, {"type": "Feature", "geometry": {"type": "Point", "coordinates": [34.813719, 32.101002]}, "properties": {"_id": 308, "ID": 23, "תאריך הגשת הבקשה": "2025-09-29 00:00:00", "מס' סימוכין": 2082067, "חברה": "PHI (משרת את הוט ופרטנר)", "סוג  היתר": "היתר הקמה", "מספר האתר": "COW6008", "ישוב": "תל אביב", "כתובת + תאור": "פארק הירקון תל אביב", "סוג המוקד": "קרקעי", "X_ITM": 182642, "Y_ITM": 667626, "תחום שיפוט": "תל אביב יפו"}}, {"type": "Feature", "geometry": {"type": "Point", "coordinates": [35.462649, 32.911878]}, "properties": {"_id": 309, "ID": 37, "תאריך הגשת הבקשה": "2025-10-29 00:00:00", "מס' סימוכין": 2082579, "חברה": "פלאפון", "סוג  היתר": "היתר הקמה", "מספר האתר": "631154", "ישוב": "קדרים", "כתובת + תאור": "מחצבת צומת קדרים", "סוג המוקד": "עוקצים", "X_ITM": 243677, "Y_ITM": 757512, "תחום שיפוט": "מרום הגליל"}}, {"type": "Feature", "geometry": {"type": "Point", "coordinates": [35.453348, 32.946043]}, "properties": {"_id": 310, "ID": 171, "תאריך הגשת הבקשה": "2026-03-30 00:00:00", "מס' סימוכין": 2085448, "חברה": "PHI (משרת את הוט ופרטנר)", "סוג  היתר": "היתר הקמה", "מספר האתר": "NN4725C", "ישוב": "כפר שמאי", "כתובת + תאור": "כפר שמאי תורן סלקום", "סוג המוקד": "קרקעי", "X_ITM": 242798, "Y_ITM": 761299, "תחום שיפוט": "מרום הגליל"}}, {"type": "Feature", "geometry": {"type": "Point", "coordinates": [35.439496, 32.981091]}, "properties": {"_id": 311, "ID": 191, "תאריך הגשת הבקשה": "2026-04-30 00:00:00", "מס' סימוכין": 2085892, "חברה": "פלאפון", "סוג  היתר": "היתר הקמה", "מספר האתר": "634157", "ישוב": "מירון", "כתובת + תאור": "מבנה ישיבה סמוך למתחם קבר הרשב\"י", "סוג המוקד": "חדש", "X_ITM": 241494, "Y_ITM": 765183, "תחום שיפוט": "מירון"}}, {"type": "Feature", "geometry": {"type": "Point", "coordinates": [34.792481, 32.090681]}, "properties": {"_id": 312, "ID": 192, "תאריך הגשת הבקשה": "2026-04-30 00:00:00", "מס' סימוכין": 2085896, "חברה": "סלקום", "סוג  היתר": "היתר הקמה", "מספר האתר": "20536", "ישוב": "תל אביב", "כתובת + תאור": "מגדלי אקירוב פנקס 62-64-66 תל אביב", "סוג המוקד": "אתר זעיר פנימי", "X_ITM": 180633, "Y_ITM": 666489, "תחום שיפוט": "תל אביב יפו"}}, {"type": "Feature", "geometry": {"type": "Point", "coordinates": [35.006347, 32.040822]}, "properties": {"_id": 313, "ID": 274, "תאריך הגשת הבקשה": "2026-06-30 00:00:00", "מס' סימוכין": 2087165, "חברה": "PHI (משרת את הוט ופרטנר)", "סוג  היתר": "היתר הקמה", "מספר האתר": "WE3003D", "ישוב": "אתר דרך", "כתובת + תאור": "מחסום רנתיס", "סוג המוקד": "קרקעי", "X_ITM": 200812, "Y_ITM": 660903, "תחום שיפוט": "מטה בנימין"}}, {"type": "Feature", "geometry": {"type": "Point", "coordinates": [35.138755, 32.464506]}, "properties": {"_id": 314, "ID": 275, "תאריך הגשת הבקשה": "2026-06-30 00:00:00", "מס' סימוכין": 2087164, "חברה": "PHI (משרת את הוט ופרטנר)", "סוג  היתר": "היתר הקמה", "מספר האתר": "NS4459A", "ישוב": "ריחן", "כתובת + תאור": "ריחן קמט", "סוג המוקד": "קרקעי", "X_ITM": 213347, "Y_ITM": 707871, "תחום שיפוט": "שומרון"}}, {"type": "Feature", "geometry": {"type": "Point", "coordinates": [35.14366, 32.430134]}, "properties": {"_id": 315, "ID": 329, "תאריך הגשת הבקשה": "2026-07-30 00:00:00", "מס' סימוכין": 2087794, "חברה": "PHI (משרת את הוט ופרטנר)", "סוג  היתר": "היתר הקמה", "מספר האתר": "NE1772A", "ישוב": "חרמש", "כתובת + תאור": "צומת 0 בין ריחן לחרמש ומבוא דותן", "סוג המוקד": "קרקעי", "X_ITM": 213806, "Y_ITM": 704059, "תחום שיפוט": "שומרון"}}, {"type": "Feature", "geometry": {"type": "Point", "coordinates": [35.002811, 32.266895]}, "properties": {"_id": 316, "ID": 330, "תאריך הגשת הבקשה": "2026-07-30 00:00:00", "מס' סימוכין": 2087837, "חברה": "סלקום", "סוג  היתר": "היתר הקמה", "מספר האתר": "24173", "ישוב": "טייבה", "כתובת + תאור": "מבנה עיריית טייבה", "סוג המוקד": "תורן על הגג ועוקץ", "X_ITM": 200525, "Y_ITM": 685973, "תחום שיפוט": "טייבה"}}, {"type": "Feature", "geometry": {"type": "Point", "coordinates": [35.050733, 32.032298]}, "properties": {"_id": 317, "ID": 331, "תאריך הגשת הבקשה": "2026-07-30 00:00:00", "מס' סימוכין": 2087791, "חברה": "PHI (משרת את הוט ופרטנר)", "סוג  היתר": "היתר הקמה", "מספר האתר": "EA2344C", "ישוב": "בית אריה", "כתובת + תאור": "בית אריה בית המועצה", "סוג המוקד": "גג", "X_ITM": 205003, "Y_ITM": 659951, "תחום שיפוט": "בית אריה"}}, {"type": "Feature", "geometry": {"type": "Point", "coordinates": [35.088598, 32.476824]}, "properties": {"_id": 318, "ID": 25, "תאריך הגשת הבקשה": "2025-09-30 00:00:00", "מס' סימוכין": 2082149, "חברה": "פלאפון", "סוג  היתר": "היתר הקמה", "מספר האתר": "914139", "ישוב": "ברטעה", "כתובת + תאור": "א-סלאם 16", "סוג המוקד": "ברטעה", "X_ITM": 208633, "Y_ITM": 709241, "תחום שיפוט": "בסמ''ה"}}, {"type": "Feature", "geometry": {"type": "Point", "coordinates": [35.169564, 32.805659]}, "properties": {"_id": 319, "ID": 26, "תאריך הגשת הבקשה": "2025-09-30 00:00:00", "מס' סימוכין": 2082129, "חברה": "פלאפון", "סוג  היתר": "היתר הקמה", "מספר האתר": "410889", "ישוב": "שפרעם", "כתובת + תאור": "מול בית הכנסת העתיק", "סוג המוקד": "עוקצים", "X_ITM": 216256, "Y_ITM": 745703, "תחום שיפוט": "שפרעם"}}, {"type": "Feature", "geometry": {"type": "Point", "coordinates": [34.830468, 31.939648]}, "properties": {"_id": 320, "ID": 68, "תאריך הגשת הבקשה": "2025-12-30 00:00:00", "מס' סימוכין": 2083869, "חברה": "PHI (משרת את הוט ופרטנר)", "סוג  היתר": "היתר הקמה", "מספר האתר": "WE3309A", "ישוב": "באר יעקב", "כתובת + תאור": "רחוב חושן", "סוג המוקד": "פנימי", "X_ITM": 184161, "Y_ITM": 649728, "תחום שיפוט": "באר יעקב"}}, {"type": "Feature", "geometry": {"type": "Point", "coordinates": [34.995393, 32.275621]}, "properties": {"_id": 321, "ID": 239, "תאריך הגשת הבקשה": "2026-05-31 00:00:00", "מס' סימוכין": 2086588, "חברה": "סלקום", "סוג  היתר": "היתר הקמה", "מספר האתר": "23286", "ישוב": "טייבה", "כתובת + תאור": "בתחנת רכבת טייבה", "סוג המוקד": "תורן קרקעי", "X_ITM": 199828, "Y_ITM": 686942, "תחום שיפוט": "טייבה"}}, {"type": "Feature", "geometry": {"type": "Point", "coordinates": [35.112936, 32.760762]}, "properties": {"_id": 322, "ID": 240, "תאריך הגשת הבקשה": "2026-05-31 00:00:00", "מס' סימוכין": 2086574, "חברה": "PHI (משרת את הוט ופרטנר)", "סוג  היתר": "היתר הקמה", "מספר האתר": "NO4223E", "ישוב": "איבטין", "כתובת + תאור": "איבטין בישוב", "סוג המוקד": "גג", "X_ITM": 210948, "Y_ITM": 740727, "תחום שיפוט": "אבטין"}}, {"type": "Feature", "geometry": {"type": "Point", "coordinates": [34.819854, 31.890359]}, "properties": {"_id": 323, "ID": 241, "תאריך הגשת הבקשה": "2026-05-31 00:00:00", "מס' סימוכין": 2086573, "חברה": "PHI (משרת את הוט ופרטנר)", "סוג  היתר": "היתר הקמה", "מספר האתר": "WE6004B", "ישוב": "רחובות", "כתובת + תאור": "חסם רחובות", "סוג המוקד": "מתקן גישה", "X_ITM": 183138, "Y_ITM": 644266, "תחום שיפוט": "רחובות"}}, {"type": "Feature", "geometry": {"type": "Point", "coordinates": [35.093668, 32.859743]}, "properties": {"_id": 324, "ID": 7, "תאריך הגשת הבקשה": "2025-08-31 00:00:00", "מס' סימוכין": 2081645, "חברה": "סלקום", "סוג  היתר": "היתר הקמה", "מספר האתר": "23364", "ישוב": "קרית מוצקין", "כתובת + תאור": "בסמוך לכביש 4 דרך עכו בקרית מוצקין", "סוג המוקד": "תורן קרקעי", "X_ITM": 209154, "Y_ITM": 751706, "תחום שיפוט": "קרית מוצקין"}}, {"type": "Feature", "geometry": {"type": "Point", "coordinates": [34.976083, 32.764482]}, "properties": {"_id": 325, "ID": 8, "תאריך הגשת הבקשה": "2025-08-31 00:00:00", "מס' סימוכין": 2081644, "חברה": "סלקום", "סוג  היתר": "היתר הקמה", "מספר האתר": "22771", "ישוב": "מורדות הכרמל", "כתובת + תאור": "בסמוך לבריכת מים ברחוב מעלה הנוף בטירת כרמל", "סוג המוקד": "תורן קרקעי", "X_ITM": 198125, "Y_ITM": 741159, "תחום שיפוט": "טירת כרמל"}}, {"type": "Feature", "geometry": {"type": "Point", "coordinates": [34.828931, 31.932528]}, "properties": {"_id": 326, "ID": 69, "תאריך הגשת הבקשה": "2025-12-31 00:00:00", "מס' סימוכין": 2083675, "חברה": "פלאפון", "סוג  היתר": "היתר הקמה", "מספר האתר": "815087", "ישוב": "באר יעקוב", "כתובת + תאור": "חניון תחנת רכבת באר יעקוב", "סוג המוקד": "תורן קרקעי", "X_ITM": 184013, "Y_ITM": 648939, "תחום שיפוט": "באר יעקב"}}]}